year,month,day,Bz_nT,sw_speed_km_s,sw_density_n_cc,Ap
2015,1,1,-3.4,585.0,3.433333333333333,6
2015,1,2,-7.5,465.0,11.35,11
2015,1,3,-4.6,480.0,8.775,12
2015,1,4,-8.9,448.0,7.8166666666666655,18
2015,1,5,-4.7,530.0,5.170833333333332,15
2015,1,6,-6.8,519.0,5.687499999999999,12
2015,1,7,-17.3,484.0,14.325000000000001,31
2015,1,8,-3.6,494.0,6.900000000000001,13
2015,1,9,-3.0,508.0,3.1541666666666655,6
2015,1,10,-2.5,494.0,4.554166666666667,9
2015,1,11,-4.2,602.0,2.095833333333334,10
2015,1,12,-3.0,459.0,4.179166666666666,7
2015,1,13,-4.8,450.0,5.141666666666667,7
2015,1,14,-4.3,405.0,5.058333333333332,6
2015,1,15,-5.8,426.0,4.758333333333332,5
2015,1,16,-5.6,428.0,5.737500000000002,7
2015,1,17,-4.5,367.0,5.1208333333333345,6
2015,1,18,-4.1,349.0,5.987500000000001,4
2015,1,19,-4.9,322.0,6.575,4
2015,1,20,-3.7,311.0,12.391666666666667,2
2015,1,21,-5.6,486.0,30.73846153846154,11
2015,1,22,-3.3,488.0,6.779166666666666,12
2015,1,23,-3.6,445.0,5.879166666666666,8
2015,1,24,-3.2,425.0,6.054166666666668,6
2015,1,25,-7.8,367.0,8.874999999999998,5
2015,1,26,-10.9,384.0,16.087500000000002,15
2015,1,27,-4.3,491.0,9.783333333333335,11
2015,1,28,-2.9,519.0,7.495833333333333,7
2015,1,29,-5.8,414.0,11.737499999999999,8
2015,1,30,-4.1,430.0,8.100000000000001,9
2015,1,31,-4.0,438.0,8.556521739130433,9
2015,2,1,-6.9,673.0,9.225,20
2015,2,2,-9.9,695.0,4.354166666666667,27
2015,2,3,-3.4,679.0,2.75,16
2015,2,4,-3.0,540.0,3.516666666666667,8
2015,2,5,-5.6,423.0,8.612499999999999,12
2015,2,6,-1.8,451.0,4.370833333333333,5
2015,2,7,-5.6,420.0,6.512499999999998,9
2015,2,8,-4.7,556.0,3.069565217391305,10
2015,2,9,-3.8,500.0,3.420833333333333,7
2015,2,10,-4.7,394.0,3.6708333333333343,6
2015,2,11,-3.4,393.0,4.088888888888889,5
2015,2,12,-4.4,365.0,5.75,4
2015,2,13,-2.5,343.0,5.9125000000000005,2
2015,2,14,-3.4,337.0,9.420833333333334,2
2015,2,15,-7.2,343.0,9.354166666666668,6
2015,2,16,-5.6,363.0,10.979166666666666,5
2015,2,17,-12.0,410.0,10.612499999999999,22
2015,2,18,-6.8,461.0,6.470833333333334,18
2015,2,19,-5.3,427.0,5.449999999999998,8
2015,2,20,-5.0,362.0,6.545833333333332,5
2015,2,21,-4.6,356.0,7.966666666666668,7
2015,2,22,-5.5,339.0,11.870833333333332,6
2015,2,23,-7.7,438.0,19.404166666666665,16
2015,2,24,-5.4,492.0,8.416666666666666,25
2015,2,25,-2.2,488.0,3.933333333333333,8
2015,2,26,-2.6,462.0,4.012499999999999,4
2015,2,27,-3.1,367.0,9.991666666666669,2
2015,2,28,-7.3,474.0,17.2,11
2015,3,1,-5.9,566.0,7.287499999999999,26
2015,3,2,-8.5,643.0,6.020833333333333,28
2015,3,3,-4.1,563.0,4.095833333333334,10
2015,3,4,-4.2,508.0,7.041666666666664,9
2015,3,5,-3.4,502.0,5.508333333333333,5
2015,3,6,-5.7,498.0,7.362499999999998,10
2015,3,7,-2.6,575.0,5.637499999999999,21
2015,3,8,-2.5,576.0,4.220833333333333,11
2015,3,9,-1.8,557.0,3.554166666666667,5
2015,3,10,-2.4,407.0,4.9375,4
2015,3,11,-4.3,428.0,8.458333333333334,9
2015,3,12,-4.7,419.0,7.391666666666666,8
2015,3,13,-5.8,435.0,7.3875,6
2015,3,14,-2.9,365.0,11.445833333333333,5
2015,3,15,-4.0,329.0,18.849999999999998,6
2015,3,16,-6.9,431.0,23.29166666666666,12
2015,3,17,-18.6,614.0,17.516666666666666,108
2015,3,18,-5.7,683.0,4.458333333333334,47
2015,3,19,-5.8,664.0,3.4666666666666663,26
2015,3,20,-4.6,604.0,2.6916666666666664,22
2015,3,21,-1.3,662.0,2.970833333333333,12
2015,3,22,-5.0,706.0,4.070833333333334,24
2015,3,23,-3.0,643.0,3.016666666666666,19
2015,3,24,-3.1,553.0,3.4499999999999997,10
2015,3,25,-0.8,579.0,5.708333333333332,13
2015,3,26,-2.2,516.0,5.4624999999999995,8
2015,3,27,-4.4,438.0,6.233333333333334,8
2015,3,28,-7.3,424.0,10.858333333333334,8
2015,3,29,-5.2,404.0,11.687500000000002,11
2015,3,30,-2.5,363.0,6.416666666666668,4
2015,3,31,-2.0,423.0,11.145833333333336,9
2015,4,1,-0.3,435.0,10.3375,7
2015,4,2,-4.1,466.0,10.604166666666664,12
2015,4,3,-0.9,566.0,6.225000000000001,12
2015,4,4,-1.4,554.0,3.5791666666666657,11
2015,4,5,-1.6,575.0,3.5624999999999996,6
2015,4,6,-0.9,549.0,3.0749999999999997,5
2015,4,7,-1.8,448.0,3.795833333333334,4
2015,4,8,-2.0,374.0,4.2124999999999995,3
2015,4,9,-7.7,386.0,12.370833333333332,11
2015,4,10,-12.6,449.0,16.591666666666665,33
2015,4,11,-7.7,379.0,10.524999999999999,16
2015,4,12,-1.9,369.0,9.308333333333334,3
2015,4,13,-4.2,349.0,15.79166666666667,6
2015,4,14,-8.5,337.0,26.61666666666667,13
2015,4,15,-9.2,611.0,13.520833333333329,28
2015,4,16,-6.0,674.0,5.175,42
2015,4,17,-2.6,723.0,2.604166666666667,22
2015,4,18,-3.3,591.0,3.7583333333333333,10
2015,4,19,-3.6,486.0,5.425000000000001,8
2015,4,20,-2.8,449.0,14.579166666666666,10
2015,4,21,-3.1,583.0,5.625,22
2015,4,22,-1.3,573.0,4.558333333333333,10
2015,4,23,-2.1,505.0,3.8083333333333322,6
2015,4,24,-2.2,412.0,3.0833333333333326,3
2015,4,25,0.4,366.0,5.862500000000001,0
2015,4,26,-0.7,327.0,9.695833333333335,2
2015,4,27,-6.2,321.0,8.554166666666669,4
2015,4,28,-4.4,334.0,8.491666666666665,5
2015,4,29,-3.6,319.0,9.625,4
2015,4,30,-3.7,349.0,9.512500000000001,4
2015,5,1,-6.1,448.0,5.195833333333332,5
2015,5,2,-2.5,441.0,4.845833333333332,7
2015,5,3,-2.5,412.0,3.5208333333333335,8
2015,5,4,-3.5,395.0,3.891666666666666,7
2015,5,5,-3.6,380.0,4.604166666666667,5
2015,5,6,-11.4,479.0,15.254166666666665,22
2015,5,7,-2.7,429.0,8.033333333333333,6
2015,5,8,-2.0,405.0,8.550000000000002,5
2015,5,9,-1.4,406.0,10.033333333333331,7
2015,5,10,-7.6,390.0,8.158333333333333,9
2015,5,11,-9.7,380.0,10.041666666666666,14
2015,5,12,-6.9,518.0,18.279166666666665,15
2015,5,13,-9.1,729.0,5.008333333333334,46
2015,5,14,-2.1,731.0,1.7333333333333334,8
2015,5,15,-2.1,575.0,2.5291666666666663,6
2015,5,16,-1.5,496.0,4.95,5
2015,5,17,-1.9,411.0,6.920833333333333,4
2015,5,18,-11.0,466.0,8.124999999999998,15
2015,5,19,-4.3,536.0,6.470833333333332,13
2015,5,20,-2.8,499.0,2.2166666666666663,6
2015,5,21,-1.2,430.0,1.0999999999999999,2
2015,5,22,-2.4,424.0,1.7249999999999999,2
2015,5,23,-2.2,364.0,5.579166666666667,3
2015,5,24,-3.5,342.0,7.229166666666667,4
2015,5,25,-2.7,348.0,6.875,2
2015,5,26,-5.1,324.0,12.970833333333337,5
2015,5,27,-4.4,318.0,8.424999999999999,4
2015,5,28,-4.6,349.0,10.55,6
2015,5,29,-1.4,409.0,7.895833333333333,6
2015,5,30,-1.5,406.0,5.695833333333333,4
2015,5,31,-3.7,389.0,5.920833333333333,4
2015,6,1,-4.0,358.0,5.941666666666666,6
2015,6,2,0.9,348.0,5.758333333333333,2
2015,6,3,-3.6,329.0,6.4958333333333345,3
2015,6,4,-1.3,298.0,5.808333333333334,2
2015,6,5,-0.7,293.0,8.066666666666666,2
2015,6,6,-3.6,321.0,17.1375,4
2015,6,7,-4.7,367.0,18.941666666666666,7
2015,6,8,-14.6,661.0,7.316666666666669,36
2015,6,9,-2.5,661.0,3.258333333333333,14
2015,6,10,-1.4,650.0,2.758333333333333,11
2015,6,11,-2.3,614.0,2.5083333333333333,9
2015,6,12,-1.6,529.0,7.920833333333334,6
2015,6,13,-5.0,520.0,4.883333333333332,8
2015,6,14,-4.7,589.0,7.983333333333333,17
2015,6,15,-4.3,600.0,3.0208333333333335,12
2015,6,16,-3.5,560.0,3.754166666666667,10
2015,6,17,-5.8,534.0,3.5125000000000006,14
2015,6,18,-2.9,447.0,2.558333333333333,6
2015,6,19,-3.1,410.0,2.183333333333333,3
2015,6,20,-0.5,318.0,3.466666666666667,1
2015,6,21,-1.5,349.0,16.066666666666666,7
2015,6,22,-26.2,673.0,19.349999999999998,57
2015,6,23,-22.0,742.0,3.6916666666666664,72
2015,6,24,-3.7,737.0,1.9958333333333336,16
2015,6,25,-6.6,663.0,4.404166666666668,32
2015,6,26,-2.7,565.0,1.570833333333333,8
2015,6,27,-4.6,800.0,1.5916666666666668,8
2015,6,28,-5.4,508.0,2.3249999999999997,13
2015,6,29,-1.6,430.0,3.854166666666666,4
2015,6,30,-2.7,411.0,9.4625,5
2015,7,1,-2.2,424.0,6.100000000000001,4
2015,7,2,-1.6,396.0,4.216666666666668,2
2015,7,3,-1.1,337.0,7.766666666666667,2
2015,7,4,-13.9,575.0,17.479166666666668,19
2015,7,5,-10.1,531.0,4.408333333333334,22
2015,7,6,-5.4,544.0,2.5333333333333328,10
2015,7,7,-1.6,508.0,1.9708333333333334,4
2015,7,8,-3.7,417.0,3.25,4
2015,7,9,-3.7,377.0,4.2375,4
2015,7,10,-3.6,436.0,12.491666666666667,8
2015,7,11,-7.4,638.0,8.091666666666667,23
2015,7,12,-2.4,626.0,2.3583333333333334,12
2015,7,13,-7.5,642.0,4.654166666666666,33
2015,7,14,-2.7,505.0,3.4125,6
2015,7,15,-2.7,557.0,2.4125,6
2015,7,16,-3.1,514.0,2.0124999999999997,7
2015,7,17,-2.7,471.0,2.4125,4
2015,7,18,-2.5,373.0,3.0958333333333328,2
2015,7,19,-2.0,322.0,6.966666666666668,2
2015,7,20,-4.8,301.0,18.812499999999996,3
2015,7,21,-3.5,394.0,15.191666666666668,7
2015,7,22,-4.7,398.0,10.691666666666665,6
2015,7,23,-10.9,491.0,4.829166666666665,21
2015,7,24,-3.5,454.0,2.9565217391304346,5
2015,7,25,-4.2,482.0,2.9625,7
2015,7,26,-4.9,462.0,4.158333333333332,6
2015,7,27,-5.0,499.0,6.3875,9
2015,7,28,-4.0,478.0,4.4958333333333345,7
2015,7,29,-2.5,427.0,5.045833333333333,4
2015,7,30,-5.6,407.0,13.862500000000002,12
2015,7,31,-5.9,594.0,6.483333333333333,13
2015,8,1,-1.5,594.0,2.9874999999999994,9
2015,8,2,-2.9,613.0,2.370833333333333,10
2015,8,3,-2.1,550.0,2.7083333333333335,6
2015,8,4,-3.7,466.0,3.8499999999999996,6
2015,8,5,-3.7,429.0,4.504166666666667,5
2015,8,6,-6.4,568.0,4.954166666666667,10
2015,8,7,-5.7,567.0,5.420833333333334,18
2015,8,8,-6.4,523.0,5.1375,10
2015,8,9,-4.2,548.0,5.462499999999999,10
2015,8,10,-2.1,552.0,5.604166666666667,8
2015,8,11,-3.9,455.0,3.7208333333333328,7
2015,8,12,-6.2,428.0,6.166666666666667,10
2015,8,13,-5.2,415.0,5.520833333333333,10
2015,8,14,-2.7,379.0,5.804166666666666,2
2015,8,15,-14.8,505.0,13.920833333333334,35
2015,8,16,-8.2,540.0,6.062499999999999,32
2015,8,17,-4.3,575.0,3.9708333333333337,22
2015,8,18,-4.9,543.0,2.970833333333333,8
2015,8,19,-6.0,504.0,4.558333333333334,18
2015,8,20,-2.7,518.0,4.070833333333334,11
2015,8,21,-1.6,487.0,3.1375000000000006,5
2015,8,22,-4.1,419.0,6.170833333333333,8
2015,8,23,-8.7,582.0,9.470833333333333,26
2015,8,24,-2.7,521.0,3.2875,6
2015,8,25,-4.0,426.0,5.204166666666667,8
2015,8,26,-9.1,417.0,10.72916666666667,27
2015,8,27,-10.8,385.0,11.408333333333333,52
2015,8,28,-11.5,429.0,13.595833333333331,40
2015,8,29,-3.5,477.0,8.0875,13
2015,8,30,-1.9,457.0,3.8875000000000006,4
2015,8,31,-1.9,409.0,4.175,4
2015,9,1,-2.8,377.0,6.258333333333334,4
2015,9,2,-4.0,418.0,7.983333333333334,7
2015,9,3,-6.6,449.0,7.412499999999999,8
2015,9,4,-6.1,523.0,6.2375,20
2015,9,5,-3.4,499.0,4.233333333333333,12
2015,9,6,-4.7,495.0,5.3999999999999995,13
2015,9,7,-10.2,602.0,6.000000000000001,44
2015,9,8,-8.6,570.0,13.53333333333333,24
2015,9,9,-10.1,440.0,10.608333333333334,59
2015,9,10,-5.8,439.0,17.175,12
2015,9,11,-10.8,641.0,9.525,60
2015,9,12,-3.4,618.0,3.483333333333333,16
2015,9,13,-4.1,487.0,5.0375,11
2015,9,14,-4.6,523.0,5.308333333333334,14
2015,9,15,-3.3,523.0,4.645833333333333,17
2015,9,16,-2.8,505.0,4.512499999999999,11
2015,9,17,-3.0,487.0,3.7624999999999997,10
2015,9,18,-4.7,452.0,6.916666666666665,11
2015,9,19,-6.4,442.0,9.133333333333335,16
2015,9,20,-7.0,558.0,5.366666666666667,44
2015,9,21,1.2,623.0,3.3375,8
2015,9,22,-1.5,639.0,3.7291666666666665,10
2015,9,23,-6.8,539.0,4.529166666666667,12
2015,9,24,-1.3,505.0,4.1833333333333345,7
2015,9,25,-4.5,511.0,4.95,6
2015,9,26,-1.5,489.0,4.520833333333334,4
2015,9,27,-1.1,434.0,4.645833333333333,3
2015,9,28,-3.4,396.0,4.258333333333334,3
2015,9,29,-4.1,362.0,4.033333333333332,5
2015,9,30,-2.1,334.0,8.858333333333334,2
2015,10,1,-8.4,383.0,15.279166666666667,10
2015,10,2,-7.1,369.0,6.004166666666666,12
2015,10,3,-6.2,404.0,7.904166666666668,10
2015,10,4,-7.6,488.0,2.799999999999999,17
2015,10,5,-6.0,498.0,4.579166666666665,18
2015,10,6,-6.0,441.0,7.6000000000000005,18
2015,10,7,-11.3,775.0,13.575000000000001,74
2015,10,8,-3.2,775.0,2.4708333333333328,45
2015,10,9,-3.0,756.0,2.1583333333333337,27
2015,10,10,-3.1,658.0,1.3958333333333337,11
2015,10,11,-3.5,514.0,3.779166666666667,12
2015,10,12,-6.5,523.0,6.658333333333335,21
2015,10,13,-5.8,582.0,3.9375,24
2015,10,14,-4.8,530.0,2.7083333333333335,21
2015,10,15,-3.5,496.0,5.795833333333333,8
2015,10,16,-3.6,423.0,6.095833333333332,6
2015,10,17,-5.8,369.0,13.658333333333333,10
2015,10,18,-10.8,466.0,10.679166666666667,19
2015,10,19,-1.5,464.0,4.275,4
2015,10,20,-4.2,380.0,10.237499999999999,8
2015,10,21,-6.2,474.0,12.458333333333336,10
2015,10,22,-2.9,451.0,5.808333333333334,4
2015,10,23,-3.9,462.0,5.191666666666666,6
2015,10,24,-2.3,498.0,7.583333333333333,9
2015,10,25,-0.9,488.0,9.675000000000002,6
2015,10,26,-1.0,472.0,2.6541666666666663,1
2015,10,27,-3.3,385.0,2.133333333333333,3
2015,10,28,-1.7,353.0,6.116666666666666,1
2015,10,29,-4.6,313.0,11.800000000000002,4
2015,10,30,-5.4,347.0,9.216666666666667,8
2015,10,31,-4.7,361.0,6.791666666666665,6
2015,11,1,-5.9,358.0,10.429166666666665,9
2015,11,2,-2.8,337.0,13.233333333333334,4
2015,11,3,-5.3,715.0,31.8,29
2015,11,4,-5.2,731.0,4.508333333333334,30
2015,11,5,-3.1,568.0,2.5833333333333335,16
2015,11,6,-3.8,640.0,3.4333333333333336,14
2015,11,7,-9.8,677.0,2.9874999999999994,38
2015,11,8,-5.5,533.0,2.7541666666666664,14
2015,11,9,-5.5,604.0,4.1875,25
2015,11,10,-6.3,720.0,3.2291666666666674,37
2015,11,11,-2.2,703.0,1.9208333333333332,22
2015,11,12,-2.1,585.0,2.0666666666666664,4
2015,11,13,-6.5,474.0,9.391666666666667,13
2015,11,14,-3.0,481.0,5.0583333333333345,8
2015,11,15,-5.0,427.0,7.491666666666666,8
2015,11,16,-6.1,398.0,6.6000000000000005,12
2015,11,17,-3.0,373.0,8.9,8
2015,11,18,-10.1,487.0,8.920833333333333,15
2015,11,19,-1.4,469.0,9.200000000000001,8
2015,11,20,-4.0,404.0,10.383333333333336,4
2015,11,21,-3.3,409.0,6.358333333333333,2
2015,11,22,-2.6,357.0,6.266666666666669,2
2015,11,23,-2.0,341.0,5.891666666666667,1
2015,11,24,-1.1,310.0,5.958333333333335,0
2015,11,25,-0.2,280.0,10.475,0
2015,11,26,-5.1,275.0,13.699999999999998,1
2015,11,27,-8.1,309.0,18.379166666666666,6
2015,11,28,-6.7,331.0,19.920833333333338,6
2015,11,29,-6.5,466.0,13.966666666666667,8
2015,11,30,-6.0,533.0,11.370833333333335,17
2015,12,1,-5.6,578.0,4.329166666666667,13
2015,12,2,-3.8,464.0,2.741666666666667,8
2015,12,3,-1.3,436.0,3.0124999999999993,4
2015,12,4,-3.8,379.0,4.162499999999999,4
2015,12,5,-8.6,473.0,7.649999999999999,14
2015,12,6,-6.4,604.0,5.604166666666667,22
2015,12,7,-2.6,655.0,4.25,19
2015,12,8,-3.9,640.0,2.395833333333334,10
2015,12,9,-3.8,497.0,4.554166666666666,8
2015,12,10,-4.3,642.0,6.187499999999999,24
2015,12,11,-2.5,663.0,3.716666666666667,19
2015,12,12,-3.1,660.0,2.2583333333333333,10
2015,12,13,-2.1,534.0,2.575,7
2015,12,14,-12.1,530.0,10.270833333333332,20
2015,12,15,-5.0,545.0,4.541666666666665,16
2015,12,16,-6.0,600.0,1.7041666666666666,6
2015,12,17,-3.9,496.0,3.6833333333333336,6
2015,12,18,-3.9,429.0,4.325,5
2015,12,19,-3.6,496.0,14.358333333333334,10
2015,12,20,-18.7,474.0,30.704166666666666,70
2015,12,21,-17.7,428.0,5.845833333333332,38
2015,12,22,-3.3,457.0,8.70416666666667,12
2015,12,23,-4.0,479.0,6.779166666666668,9
2015,12,24,-2.3,532.0,7.583333333333335,11
2015,12,25,-2.7,529.0,5.754166666666666,7
2015,12,26,-3.3,598.0,4.891666666666667,14
2015,12,27,-3.1,555.0,5.633333333333333,9
2015,12,28,-1.7,505.0,6.808333333333334,4
2015,12,29,-3.7,407.0,6.0541666666666645,6
2015,12,30,-3.2,381.0,7.370833333333334,2
2015,12,31,-15.9,481.0,13.466666666666661,35
2016,1,1,-14.0,463.0,2.3583333333333334,28
2016,1,2,-2.9,490.0,6.425,9
2016,1,3,-1.8,486.0,4.775,6
2016,1,4,-2.5,449.0,4.7625,4
2016,1,5,-0.1,482.0,10.179166666666667,5
2016,1,6,-6.4,618.0,4.437500000000002,16
2016,1,7,-3.5,584.0,3.920833333333334,13
2016,1,8,-2.1,550.0,3.4291666666666667,7
2016,1,9,-1.7,486.0,4.766666666666667,5
2016,1,10,-4.0,456.0,6.4125000000000005,8
2016,1,11,-5.0,597.0,4.166666666666667,13
2016,1,12,-2.7,606.0,3.233333333333333,13
2016,1,13,-2.9,571.0,2.9583333333333335,13
2016,1,14,-3.1,535.0,2.6791666666666667,7
2016,1,15,-3.4,454.0,2.533333333333333,4
2016,1,16,-1.6,387.0,6.429166666666668,3
2016,1,17,-4.0,357.0,6.208333333333333,3
2016,1,18,-4.7,359.0,6.749999999999999,4
2016,1,19,-9.3,383.0,16.195833333333336,10
2016,1,20,-11.9,371.0,16.11666666666667,26
2016,1,21,-10.9,531.0,12.591666666666667,33
2016,1,22,-2.5,547.0,3.85,13
2016,1,23,-3.2,568.0,3.979166666666666,11
2016,1,24,-3.8,501.0,7.958333333333335,10
2016,1,25,-0.3,470.0,3.991666666666667,2
2016,1,26,-0.4,386.0,9.608333333333334,3
2016,1,27,-1.4,381.0,9.408333333333333,4
2016,1,28,-6.3,362.0,7.025000000000001,4
2016,1,29,-2.7,358.0,4.291666666666667,3
2016,1,30,-1.8,289.0,12.4125,2
2016,1,31,-7.7,314.0,14.995833333333335,9
2016,2,1,-6.2,314.0,15.045833333333334,7
2016,2,2,-7.5,354.0,25.03333333333333,5
2016,2,3,-8.3,404.0,10.395833333333332,12
2016,2,4,-1.2,468.0,6.879166666666667,5
2016,2,5,-4.6,484.0,5.420833333333334,10
2016,2,6,-3.5,475.0,4.679166666666667,6
2016,2,7,-5.7,416.0,7.979166666666667,8
2016,2,8,-7.1,454.0,7.012499999999999,17
2016,2,9,-8.9,422.0,9.562499999999998,8
2016,2,10,-3.3,392.0,4.8125,4
2016,2,11,-9.6,357.0,6.8374999999999995,8
2016,2,12,-8.9,362.0,17.458333333333332,12
2016,2,13,-1.7,420.0,12.283333333333331,7
2016,2,14,-3.3,410.0,6.7124999999999995,9
2016,2,15,-5.4,434.0,9.875,11
2016,2,16,-8.7,639.0,14.062500000000002,37
2016,2,17,-6.4,604.0,5.800000000000001,34
2016,2,18,-4.9,649.0,3.045833333333333,29
2016,2,19,-3.8,587.0,3.3000000000000007,16
2016,2,20,-1.2,534.0,2.829166666666666,5
2016,2,21,-2.8,398.0,6.633333333333334,4
2016,2,22,-1.6,360.0,9.35,2
2016,2,23,-6.0,375.0,7.041666666666667,5
2016,2,24,-4.1,357.0,9.504166666666665,6
2016,2,25,-3.2,346.0,15.545833333333334,5
2016,2,26,-1.1,431.0,5.441666666666666,7
2016,2,27,-2.2,399.0,5.720833333333332,3
2016,2,28,-2.0,384.0,7.108333333333334,3
2016,2,29,-4.7,366.0,10.441666666666666,4
2016,3,1,-4.4,397.0,12.549999999999997,8
2016,3,2,-1.6,479.0,6.400000000000001,6
2016,3,3,-3.1,453.0,3.904166666666667,6
2016,3,4,-2.6,410.0,3.641666666666667,4
2016,3,5,-2.7,372.0,7.612500000000001,3
2016,3,6,-12.5,518.0,18.09166666666667,31
2016,3,7,-6.1,590.0,5.391666666666667,24
2016,3,8,-2.8,504.0,4.170833333333333,6
2016,3,9,-3.7,429.0,5.4875,6
2016,3,10,-4.3,351.0,9.666666666666668,7
2016,3,11,-8.1,569.0,22.25416666666666,19
2016,3,12,-1.0,559.0,4.741666666666667,11
2016,3,13,-0.2,474.0,5.208333333333333,3
2016,3,14,-3.9,561.0,12.333333333333334,12
2016,3,15,-5.8,563.0,5.308333333333334,24
2016,3,16,-6.8,553.0,4.4208333333333325,20
2016,3,17,-3.7,575.0,3.033333333333333,22
2016,3,18,-3.7,476.0,4.191666666666667,7
2016,3,19,-7.3,458.0,4.9624999999999995,14
2016,3,20,-5.7,429.0,3.6,10
2016,3,21,-1.4,434.0,7.8999999999999995,6
2016,3,22,-1.8,437.0,6.8083333333333345,6
2016,3,23,-5.0,469.0,8.166666666666666,10
2016,3,24,-1.2,530.0,5.933333333333334,6
2016,3,25,-1.4,555.0,2.15,5
2016,3,26,-0.1,426.0,7.720833333333332,2
2016,3,27,-6.0,426.0,10.954166666666666,11
2016,3,28,-4.5,507.0,6.170833333333334,9
2016,3,29,-1.8,538.0,3.904166666666667,11
2016,3,30,-2.9,555.0,3.3375,11
2016,3,31,-1.6,507.0,2.4875000000000003,6
2016,4,1,-0.8,416.0,4.783333333333332,2
2016,4,2,-9.8,512.0,10.250000000000002,19
2016,4,3,-3.7,469.0,6.179166666666666,14
2016,4,4,-2.8,417.0,4.654166666666666,6
2016,4,5,-2.7,394.0,3.9666666666666663,5
2016,4,6,-3.1,435.0,4.687500000000001,6
2016,4,7,-11.7,390.0,15.275000000000004,17
2016,4,8,-4.4,368.0,13.466666666666663,8
2016,4,9,-1.2,344.0,9.450000000000001,2
2016,4,10,-3.4,397.0,10.716666666666669,6
2016,4,11,-2.5,387.0,9.225000000000001,4
2016,4,12,-7.9,491.0,11.908333333333331,18
2016,4,13,-8.0,617.0,3.433333333333333,25
2016,4,14,-8.0,501.0,4.541666666666666,22
2016,4,15,-2.7,398.0,8.441666666666666,8
2016,4,16,-8.4,463.0,7.133333333333333,11
2016,4,17,-6.1,432.0,16.254166666666663,18
2016,4,18,-1.5,398.0,8.279166666666667,4
2016,4,19,0.2,388.0,3.4625,2
2016,4,20,-6.6,362.0,6.691666666666666,3
2016,4,21,-0.4,427.0,8.575000000000001,4
2016,4,22,-3.4,587.0,6.145833333333333,12
2016,4,23,-3.0,528.0,8.325000000000001,11
2016,4,24,-4.0,568.0,4.658333333333333,11
2016,4,25,-1.4,537.0,3.3375,4
2016,4,26,-2.6,506.0,3.6250000000000004,5
2016,4,27,-3.5,457.0,4.554166666666666,9
2016,4,28,-2.4,455.0,3.7458333333333336,4
2016,4,29,-0.8,392.0,6.541666666666667,2
2016,4,30,-4.0,390.0,11.5375,7
2016,5,1,-6.4,465.0,8.716666666666667,14
2016,5,2,-5.6,546.0,7.312500000000001,30
2016,5,3,-3.8,573.0,2.7708333333333326,10
2016,5,4,-2.0,484.0,2.6333333333333337,3
2016,5,5,-5.6,399.0,5.743478260869565,6
2016,5,6,-9.1,429.0,12.828571428571431,15
2016,5,7,-3.5,528.0,5.75,9
2016,5,8,-11.4,655.0,8.495833333333335,70
2016,5,9,-5.4,682.0,2.2875,30
2016,5,10,-3.5,643.0,1.745833333333333,13
2016,5,11,-2.7,553.0,1.8166666666666667,5
2016,5,12,-1.9,429.0,2.183333333333333,3
2016,5,13,-4.2,382.0,4.824999999999998,6
2016,5,14,-6.4,354.0,15.845833333333331,9
2016,5,15,-5.6,464.0,8.745833333333334,13
2016,5,16,-4.5,511.0,5.229166666666667,12
2016,5,17,-2.3,534.0,5.029166666666667,12
2016,5,18,-3.9,518.0,4.6499999999999995,7
2016,5,19,-3.9,451.0,6.008333333333334,7
2016,5,20,-0.4,481.0,6.491666666666667,5
2016,5,21,-7.1,548.0,6.766666666666668,15
2016,5,22,-1.7,623.0,1.5833333333333328,6
2016,5,23,-1.8,551.0,1.8041666666666671,3
2016,5,24,-2.6,466.0,2.7875,4
2016,5,25,-0.5,438.0,3.629166666666667,2
2016,5,26,-1.5,370.0,7.829166666666667,2
2016,5,27,-4.8,483.0,10.008333333333331,9
2016,5,28,-3.3,516.0,5.829166666666666,13
2016,5,29,-4.1,507.0,3.8958333333333326,6
2016,5,30,-4.5,549.0,4.495833333333334,11
2016,5,31,-4.7,512.0,4.937500000000001,10
2016,6,1,-1.8,494.0,3.329166666666666,5
2016,6,2,-2.7,420.0,3.0875000000000004,3
2016,6,3,-3.0,316.0,5.112499999999999,2
2016,6,4,-2.1,316.0,9.079166666666667,3
2016,6,5,-8.0,612.0,25.066666666666666,29
2016,6,6,-6.0,625.0,4.8625,23
2016,6,7,-3.6,525.0,4.35,8
2016,6,8,-2.6,474.0,3.4124999999999996,5
2016,6,9,-1.9,407.0,3.3625000000000003,3
2016,6,10,-3.9,406.0,12.208333333333336,6
2016,6,11,-5.6,543.0,5.670833333333334,9
2016,6,12,-4.8,483.0,8.079166666666666,10
2016,6,13,-2.5,562.0,4.741666666666667,8
2016,6,14,-7.5,590.0,6.987500000000001,21
2016,6,15,-6.2,678.0,4.675,11
2016,6,16,-1.8,599.0,2.9999999999999996,6
2016,6,17,-3.1,615.0,2.483333333333333,7
2016,6,18,-1.9,627.0,2.891666666666667,7
2016,6,19,-1.1,589.0,2.5250000000000004,4
2016,6,20,-0.2,483.0,3.045833333333334,4
2016,6,21,-0.8,436.0,3.1291666666666664,3
2016,6,22,-3.6,391.0,10.875,12
2016,6,23,-6.7,495.0,8.383333333333335,10
2016,6,24,-5.6,528.0,5.116666666666666,12
2016,6,25,-2.5,526.0,2.654166666666667,7
2016,6,26,-4.2,504.0,5.7124999999999995,10
2016,6,27,-2.8,508.0,3.8208333333333333,8
2016,6,28,-2.2,493.0,4.3125,5
2016,6,29,-2.1,409.0,5.779166666666669,4
2016,6,30,-5.6,372.0,9.9125,6
2016,7,1,-3.6,404.0,7.816666666666666,6
2016,7,2,-3.1,394.0,15.237499999999999,7
2016,7,3,-1.4,466.0,7.929166666666667,8
2016,7,4,-3.3,459.0,4.445833333333333,5
2016,7,5,-1.9,398.0,5.183333333333334,3
2016,7,6,-3.5,330.0,13.924999999999997,4
2016,7,7,-5.9,512.0,15.037500000000001,21
2016,7,8,-5.4,631.0,6.154166666666666,19
2016,7,9,-2.2,638.0,4.008333333333332,12
2016,7,10,-2.3,625.0,2.883333333333333,9
2016,7,11,-3.8,568.0,3.3708333333333336,10
2016,7,12,-6.8,637.0,3.7666666666666675,18
2016,7,13,-1.6,596.0,2.9249999999999994,7
2016,7,14,-5.1,661.0,3.9666666666666655,11
2016,7,15,-3.9,679.0,2.6541666666666672,10
2016,7,16,-3.8,631.0,2.7458333333333336,7
2016,7,17,-2.7,502.0,3.7208333333333328,5
2016,7,18,-2.0,439.0,3.174999999999999,3
2016,7,19,-2.5,354.0,5.891666666666667,8
2016,7,20,-6.8,569.0,11.900000000000004,19
2016,7,21,-1.8,484.0,1.6375000000000002,5
2016,7,22,-5.3,456.0,2.7583333333333333,7
2016,7,23,-4.6,440.0,3.529166666666667,7
2016,7,24,-5.6,438.0,8.195833333333331,14
2016,7,25,-5.2,457.0,8.883333333333333,18
2016,7,26,-3.3,384.0,7.858333333333334,4
2016,7,27,-1.5,342.0,10.270833333333334,2
2016,7,28,-7.2,550.0,22.587499999999995,14
2016,7,29,-2.1,624.0,5.250000000000001,13
2016,7,30,-1.6,518.0,3.729166666666666,5
2016,7,31,-3.3,407.0,4.720833333333332,3
2016,8,1,-2.4,350.0,5.466666666666666,2
2016,8,2,-9.6,445.0,18.35,17
2016,8,3,-14.9,557.0,10.719047619047618,32
2016,8,4,-3.0,613.0,3.6533333333333338,16
2016,8,5,-4.6,675.0,2.8416666666666663,16
2016,8,6,-3.8,653.0,2.4875000000000003,12
2016,8,7,-2.7,601.0,3.0375,12
2016,8,8,-5.1,513.0,4.2875,10
2016,8,9,-3.8,634.0,3.5,12
2016,8,10,-2.7,662.0,2.5208333333333326,15
2016,8,11,-2.9,616.0,2.816666666666667,8
2016,8,12,-3.2,627.0,2.6749999999999994,10
2016,8,13,-2.8,519.0,2.5708333333333333,4
2016,8,14,-1.7,452.0,3.4625000000000004,3
2016,8,15,-2.7,369.0,6.262499999999999,3
2016,8,16,-4.4,336.0,12.304166666666665,5
2016,8,17,-5.4,408.0,11.18333333333333,8
2016,8,18,-5.2,412.0,3.9208333333333325,6
2016,8,19,-5.0,349.0,4.445833333333334,4
2016,8,20,-3.8,342.0,6.041666666666667,3
2016,8,21,-3.3,411.0,12.983333333333333,8
2016,8,22,-4.2,427.0,5.258333333333332,4
2016,8,23,-10.8,509.0,8.637500000000001,18
2016,8,24,-3.6,584.0,5.279166666666668,19
2016,8,25,-2.8,567.0,3.683333333333333,10
2016,8,26,-4.0,501.0,4.6000000000000005,6
2016,8,27,-2.1,446.0,4.062499999999999,4
2016,8,28,-1.8,409.0,5.158333333333334,2
2016,8,29,-3.6,362.0,14.979166666666666,6
2016,8,30,-8.5,454.0,8.291666666666666,17
2016,8,31,-4.9,466.0,6.562499999999999,6
2016,9,1,-7.3,570.0,6.625,28
2016,9,2,-5.1,674.0,4.254166666666667,37
2016,9,3,-3.5,696.0,2.970833333333333,36
2016,9,4,-3.9,708.0,2.6833333333333336,25
2016,9,5,-4.1,631.0,2.8958333333333335,17
2016,9,6,-3.0,571.0,2.2666666666666666,13
2016,9,7,-3.9,504.0,3.8333333333333335,12
2016,9,8,-4.5,522.0,4.204166666666667,12
2016,9,9,-1.8,462.0,2.991666666666666,3
2016,9,10,-1.8,403.0,4.091666666666668,3
2016,9,11,-4.2,352.0,6.149999999999999,3
2016,9,12,-4.5,343.0,15.566666666666665,4
2016,9,13,-5.6,300.0,9.233333333333333,4
2016,9,14,-8.3,330.0,13.15,8
2016,9,15,-7.8,317.0,12.375000000000002,6
2016,9,16,-3.0,312.0,7.575,2
2016,9,17,-2.6,327.0,13.158333333333331,3
2016,9,18,-5.5,353.0,8.854166666666666,6
2016,9,19,-6.7,479.0,13.9375,8
2016,9,20,-3.0,727.0,4.283333333333334,18
2016,9,21,-1.9,625.0,2.904166666666667,8
2016,9,22,-0.9,511.0,3.254166666666667,3
2016,9,23,0.7,436.0,6.175,3
2016,9,24,-4.6,381.0,7.820833333333334,4
2016,9,25,-7.7,407.0,13.274999999999999,22
2016,9,26,-6.0,476.0,8.216666666666667,20
2016,9,27,-6.0,683.0,6.045833333333334,35
2016,9,28,-3.5,695.0,4.125,36
2016,9,29,-5.2,705.0,3.033333333333332,36
2016,9,30,-3.5,692.0,2.4125,20
2016,10,1,-4.4,590.0,2.525,17
2016,10,2,-4.3,535.0,3.8375,16
2016,10,3,-3.6,534.0,3.620833333333333,13
2016,10,4,-4.7,552.0,4.179166666666666,23
2016,10,5,-3.0,541.0,3.5708333333333333,11
2016,10,6,-2.3,475.0,5.058333333333334,5
2016,10,7,-2.8,451.0,4.391666666666667,5
2016,10,8,-3.4,450.0,4.187499999999999,7
2016,10,9,-3.4,379.0,5.175000000000001,5
2016,10,10,-3.9,387.0,11.083333333333334,10
2016,10,11,-1.7,410.0,7.933333333333334,2
2016,10,12,-1.2,424.0,6.566666666666667,5
2016,10,13,-20.8,439.0,8.925,46
2016,10,14,-10.1,405.0,6.033333333333332,22
2016,10,15,-3.8,544.0,4.604166666666667,10
2016,10,16,-1.6,719.0,3.6416666666666657,17
2016,10,17,-1.2,735.0,2.4250000000000003,20
2016,10,18,-2.4,698.0,1.9749999999999999,9
2016,10,19,-0.7,596.0,2.516666666666667,6
2016,10,20,-2.2,432.0,5.125000000000001,2
2016,10,21,-0.6,396.0,5.562500000000001,1
2016,10,22,-4.5,374.0,12.5625,5
2016,10,23,-3.4,443.0,7.241666666666666,8
2016,10,24,-6.6,420.0,10.108333333333333,16
2016,10,25,-6.7,735.0,10.716666666666667,57
2016,10,26,-3.8,720.0,3.2541666666666664,44
2016,10,27,-3.5,661.0,2.8499999999999996,26
2016,10,28,-3.2,645.0,3.0208333333333335,16
2016,10,29,-7.2,662.0,3.6749999999999994,27
2016,10,30,-5.2,636.0,2.55,16
2016,10,31,-2.6,550.0,2.8166666666666664,8
2016,11,1,-4.4,509.0,4.437499999999999,10
2016,11,2,-6.6,458.0,6.5125,14
2016,11,3,-6.0,434.0,7.529166666666668,16
2016,11,4,-4.2,408.0,6.933333333333334,4
2016,11,5,-2.0,370.0,6.287499999999999,2
2016,11,6,-3.7,329.0,10.862499999999999,4
2016,11,7,-2.6,324.0,10.595833333333333,3
2016,11,8,-3.8,308.0,9.924999999999999,2
2016,11,9,-6.4,351.0,21.66666666666666,6
2016,11,10,-10.5,463.0,12.762500000000001,14
2016,11,11,-3.5,491.0,8.920833333333333,11
2016,11,12,-2.0,712.0,5.8125,18
2016,11,13,-4.4,735.0,2.5083333333333333,21
2016,11,14,-1.2,668.0,2.220833333333333,10
2016,11,15,-1.7,633.0,2.2166666666666663,7
2016,11,16,-2.1,484.0,4.4750000000000005,4
2016,11,17,-2.0,405.0,4.779166666666666,3
2016,11,18,-2.5,396.0,5.637499999999998,2
2016,11,19,-1.0,337.0,10.3625,1
2016,11,20,-2.2,361.0,13.116666666666667,2
2016,11,21,-4.7,361.0,12.833333333333336,5
2016,11,22,-4.6,477.0,9.995833333333334,11
2016,11,23,-5.0,500.0,5.800000000000001,11
2016,11,24,-6.0,536.0,8.233333333333333,20
2016,11,25,-4.7,661.0,2.220833333333333,30
2016,11,26,-2.3,668.0,1.879166666666667,11
2016,11,27,-2.0,634.0,2.1958333333333333,8
2016,11,28,-2.5,509.0,4.0125,7
2016,11,29,-2.3,474.0,3.7208333333333328,5
2016,11,30,-1.3,399.0,4.7375,3
2016,12,1,-1.4,377.0,9.549999999999999,2
2016,12,2,-2.7,384.0,5.6833333333333345,4
2016,12,3,-1.4,320.0,9.108333333333333,2
2016,12,4,-2.8,303.0,16.84583333333333,1
2016,12,5,-2.6,328.0,17.633333333333336,4
2016,12,6,-9.5,355.0,14.408333333333331,7
2016,12,7,-5.4,531.0,15.095833333333333,9
2016,12,8,-5.6,677.0,8.095833333333331,21
2016,12,9,-3.4,710.0,4.083333333333335,24
2016,12,10,-2.3,699.0,2.670833333333334,15
2016,12,11,-3.1,641.0,3.429166666666667,14
2016,12,12,-0.4,558.0,3.9125,5
2016,12,13,-0.4,549.0,2.541666666666667,4
2016,12,14,-1.4,501.0,3.1041666666666665,4
2016,12,15,-1.8,438.0,3.912499999999999,2
2016,12,16,-1.1,386.0,5.2250000000000005,1
2016,12,17,-6.3,394.0,12.066666666666668,5
2016,12,18,-4.7,434.0,7.845833333333332,8
2016,12,19,-3.3,371.0,8.070833333333333,5
2016,12,20,-4.5,369.0,8.95,5
2016,12,21,-6.4,664.0,7.245833333333333,23
2016,12,22,-4.1,679.0,3.5500000000000003,22
2016,12,23,-3.2,745.0,2.3291666666666675,19
2016,12,24,-2.7,698.0,2.8125,12
2016,12,25,-3.6,711.0,3.491666666666667,20
2016,12,26,-3.0,713.0,2.7791666666666663,20
2016,12,27,-2.2,671.0,2.579166666666666,11
2016,12,28,-2.2,514.0,3.2375000000000007,5
2016,12,29,-3.4,417.0,5.1875,4
2016,12,30,-2.3,357.0,8.404166666666665,2
2016,12,31,-9.1,556.0,16.9875,12
2017,1,1,-4.0,556.0,5.533333333333332,12
2017,1,2,-5.4,468.0,6.05,6
2017,1,3,-4.9,523.0,10.825000000000001,11
2017,1,4,-2.4,511.0,9.366666666666665,10
2017,1,5,-4.2,717.0,5.9333333333333345,17
2017,1,6,-1.1,744.0,2.429166666666667,14
2017,1,7,-2.1,737.0,2.3000000000000003,20
2017,1,8,-3.1,695.0,2.3416666666666663,16
2017,1,9,-2.9,677.0,1.8833333333333335,11
2017,1,10,-3.5,615.0,3.066666666666667,10
2017,1,11,-2.1,533.0,3.9958333333333336,7
2017,1,12,-1.6,425.0,6.358333333333334,4
2017,1,13,-2.1,376.0,11.5625,4
2017,1,14,-1.4,389.0,8.550000000000002,4
2017,1,15,-4.0,346.0,11.333333333333334,4
2017,1,16,-1.5,332.0,13.299999999999997,2
2017,1,17,-4.4,318.0,15.795833333333334,3
2017,1,18,-5.2,576.0,14.500000000000005,14
2017,1,19,-3.1,611.0,3.4249999999999994,10
2017,1,20,-2.6,575.0,2.9583333333333335,10
2017,1,21,-3.6,522.0,4.5125,10
2017,1,22,-4.4,526.0,3.287500000000001,9
2017,1,23,-3.7,474.0,3.7083333333333335,4
2017,1,24,-2.8,402.0,3.8958333333333335,2
2017,1,25,-3.5,352.0,9.320833333333335,5
2017,1,26,-7.0,565.0,11.054166666666667,11
2017,1,27,-3.4,636.0,4.5583333333333345,20
2017,1,28,-2.4,556.0,4.854166666666667,9
2017,1,29,-3.0,467.0,4.7125,6
2017,1,30,-2.5,539.0,9.370833333333335,6
2017,1,31,-5.0,753.0,6.391666666666666,22
2017,2,1,-3.8,746.0,3.3375,28
2017,2,2,-3.7,718.0,2.7499999999999996,21
2017,2,3,-3.2,650.0,2.3833333333333333,18
2017,2,4,-3.6,646.0,2.5458333333333334,10
2017,2,5,-3.7,640.0,3.916666666666666,15
2017,2,6,-3.0,617.0,2.829166666666667,12
2017,2,7,-2.1,541.0,2.9583333333333335,7
2017,2,8,-0.6,489.0,4.541666666666667,4
2017,2,9,-3.7,445.0,6.299999999999998,6
2017,2,10,-3.2,440.0,5.3500000000000005,7
2017,2,11,-2.3,423.0,4.2,4
2017,2,12,-2.3,360.0,8.4125,3
2017,2,13,-2.8,338.0,11.220833333333333,5
2017,2,14,-1.6,331.0,13.366666666666667,1
2017,2,15,-3.3,316.0,12.712499999999999,2
2017,2,16,-6.8,437.0,14.975,8
2017,2,17,-6.3,510.0,7.762499999999999,19
2017,2,18,-5.3,545.0,6.083333333333333,16
2017,2,19,-1.6,586.0,3.5208333333333335,10
2017,2,20,-1.9,536.0,3.804166666666666,9
2017,2,21,-1.8,447.0,5.583333333333333,4
2017,2,22,-3.2,441.0,7.708333333333332,9
2017,2,23,-4.0,597.0,9.333333333333334,10
2017,2,24,-2.3,649.0,3.7416666666666667,18
2017,2,25,-1.2,570.0,2.9999999999999996,6
2017,2,26,-1.0,468.0,3.8666666666666654,2
2017,2,27,-5.4,385.0,10.270833333333334,7
2017,2,28,-4.6,411.0,6.558333333333334,8
2017,3,1,-6.1,676.0,12.679166666666665,35
2017,3,2,-3.5,714.0,2.7291666666666674,32
2017,3,3,-3.9,706.0,2.5833333333333335,18
2017,3,4,-4.2,695.0,2.433333333333333,20
2017,3,5,-3.0,667.0,2.741666666666667,18
2017,3,6,-3.1,632.0,3.095833333333333,23
2017,3,7,-2.0,637.0,2.8125,14
2017,3,8,-2.8,565.0,3.4999999999999996,12
2017,3,9,-3.4,555.0,3.4625,13
2017,3,10,-4.3,490.0,4.3166666666666655,10
2017,3,11,-3.2,414.0,5.595833333333334,5
2017,3,12,-4.2,418.0,5.862500000000001,8
2017,3,13,-1.6,349.0,8.416666666666666,2
2017,3,14,-2.8,348.0,7.0583333333333345,4
2017,3,15,-5.1,391.0,13.170833333333334,6
2017,3,16,-4.4,408.0,6.520833333333333,4
2017,3,17,-2.6,367.0,6.779166666666666,2
2017,3,18,-2.2,336.0,7.241666666666666,2
2017,3,19,-2.8,323.0,8.399999999999997,2
2017,3,20,-2.6,339.0,10.258333333333335,1
2017,3,21,-4.2,626.0,14.637500000000001,24
2017,3,22,-3.8,687.0,3.445833333333333,24
2017,3,23,-2.5,668.0,2.7458333333333336,9
2017,3,24,-1.2,606.0,2.854166666666666,5
2017,3,25,-0.8,512.0,2.6875,3
2017,3,26,-0.9,427.0,6.05,3
2017,3,27,-8.6,661.0,11.929166666666669,46
2017,3,28,-3.4,708.0,2.8916666666666675,27
2017,3,29,-2.8,693.0,2.6375,20
2017,3,30,-3.1,664.0,3.2875,19
2017,3,31,-3.0,695.0,2.6875,27
2017,4,1,-2.9,622.0,2.220833333333333,15
2017,4,2,-2.0,534.0,2.991666666666666,7
2017,4,3,-2.1,435.0,4.729166666666667,4
2017,4,4,-10.6,440.0,9.437500000000002,19
2017,4,5,-4.0,481.0,12.487499999999995,8
2017,4,6,-3.5,497.0,3.929166666666667,6
2017,4,7,-3.1,458.0,4.470833333333333,9
2017,4,8,-3.6,605.0,6.3999999999999995,15
2017,4,9,-4.1,569.0,5.445833333333333,15
2017,4,10,1.2,463.0,8.791666666666666,4
2017,4,11,-4.0,490.0,7.675000000000001,10
2017,4,12,-2.3,477.0,3.487499999999999,5
2017,4,13,-3.1,446.0,3.9499999999999997,4
2017,4,14,-5.4,446.0,6.4875,11
2017,4,15,-4.2,347.0,5.95,6
2017,4,16,-2.7,359.0,5.874999999999999,3
2017,4,17,-3.1,319.0,7.7124999999999995,3
2017,4,18,-2.8,353.0,18.133333333333336,6
2017,4,19,-5.3,453.0,9.65,14
2017,4,20,-6.8,605.0,5.716666666666665,28
2017,4,21,-5.6,658.0,4.354166666666668,17
2017,4,22,-5.2,730.0,4.541666666666667,47
2017,4,23,-4.5,761.0,3.4249999999999994,36
2017,4,24,-4.5,717.0,2.3041666666666667,19
2017,4,25,-2.1,655.0,2.5875,10
2017,4,26,-3.4,577.0,1.9583333333333328,8
2017,4,27,-2.9,506.0,1.5499999999999998,6
2017,4,28,-4.2,464.0,2.370833333333333,5
2017,4,29,-4.3,399.0,4.595833333333334,5
2017,4,30,-3.5,386.0,5.862500000000001,5
2017,5,1,-1.8,401.0,6.091666666666665,4
2017,5,2,-2.6,426.0,5.933333333333333,4
2017,5,3,-1.2,419.0,6.420833333333334,3
2017,5,4,-4.5,365.0,11.837499999999999,5
2017,5,5,2.3,399.0,6.704166666666666,4
2017,5,6,0.0,365.0,7.933333333333333,4
2017,5,7,-3.9,366.0,10.616666666666667,8
2017,5,8,-2.4,391.0,8.708333333333336,5
2017,5,9,-2.0,379.0,10.445833333333335,5
2017,5,10,-2.8,381.0,8.091666666666667,5
2017,5,11,-0.6,386.0,11.9375,6
2017,5,12,-2.3,418.0,7.6625000000000005,7
2017,5,13,-1.3,368.0,13.108333333333334,4
2017,5,14,-2.9,356.0,22.962500000000002,8
2017,5,15,-5.1,578.0,16.116666666666667,12
2017,5,16,-2.4,608.0,3.454166666666667,8
2017,5,17,-3.5,539.0,4.8375,6
2017,5,18,-5.7,449.0,7.258333333333334,9
2017,5,19,-5.8,617.0,8.633333333333331,12
2017,5,20,-4.7,733.0,3.7166666666666655,22
2017,5,21,-3.1,667.0,1.4875,8
2017,5,22,-3.1,579.0,1.9208333333333332,9
2017,5,23,-2.9,566.0,2.2125,8
2017,5,24,-2.7,491.0,2.0833333333333335,3
2017,5,25,-2.6,398.0,3.1999999999999997,2
2017,5,26,-2.6,342.0,5.1375,2
2017,5,27,-19.3,401.0,18.458333333333336,13
2017,5,28,-19.5,395.0,8.887500000000001,47
2017,5,29,-11.6,387.0,9.058333333333332,9
2017,5,30,-5.0,539.0,3.0208333333333335,5
2017,5,31,-0.1,521.0,3.029166666666667,3
2017,6,1,-1.7,432.0,13.458333333333336,6
2017,6,2,-1.9,421.0,6.25,4
2017,6,3,-10.5,480.0,9.041666666666666,8
2017,6,4,-0.1,479.0,3.462499999999999,2
2017,6,5,-3.3,382.0,7.55,5
2017,6,6,-2.1,371.0,7.925000000000001,4
2017,6,7,-2.1,354.0,10.795833333333334,4
2017,6,8,-2.4,322.0,8.3,3
2017,6,9,-2.4,327.0,10.3125,3
2017,6,10,-3.1,308.0,12.379166666666668,3
2017,6,11,-8.3,418.0,15.1875,15
2017,6,12,-2.5,527.0,4.029166666666667,6
2017,6,13,-2.9,523.0,3.604166666666666,6
2017,6,14,-1.5,492.0,3.029166666666667,5
2017,6,15,-1.6,458.0,3.8000000000000003,3
2017,6,16,-6.5,623.0,12.683333333333328,23
2017,6,17,-4.0,560.0,5.779166666666666,14
2017,6,18,-2.4,594.0,2.9499999999999997,10
2017,6,19,-2.3,517.0,1.7999999999999996,4
2017,6,20,-0.7,410.0,1.804166666666667,2
2017,6,21,-5.2,346.0,3.025,3
2017,6,22,-4.2,346.0,7.549999999999998,4
2017,6,23,-4.6,354.0,12.325000000000003,4
2017,6,24,-4.9,396.0,6.158333333333335,8
2017,6,25,-5.4,501.0,7.825000000000003,9
2017,6,26,-1.4,557.0,3.679166666666666,6
2017,6,27,-2.3,503.0,3.158333333333333,4
2017,6,28,-2.2,462.0,4.049999999999999,3
2017,6,29,-3.4,438.0,4.383333333333334,4
2017,6,30,-3.2,361.0,7.516666666666667,3
2017,7,1,-5.9,415.0,11.795833333333334,12
2017,7,2,-8.4,514.0,6.166666666666665,17
2017,7,3,-2.7,448.0,6.6625000000000005,5
2017,7,4,-2.7,400.0,6.379166666666667,4
2017,7,5,-1.3,345.0,5.3999999999999995,2
2017,7,6,-4.2,358.0,9.641666666666666,6
2017,7,7,-1.8,416.0,6.474999999999999,4
2017,7,8,-2.0,351.0,6.512499999999999,2
2017,7,9,-10.3,567.0,14.958333333333334,24
2017,7,10,-1.3,612.0,3.491666666666666,8
2017,7,11,-1.6,646.0,2.766666666666666,6
2017,7,12,-1.8,521.0,2.766666666666666,4
2017,7,13,-2.7,433.0,4.2625,3
2017,7,14,-1.3,372.0,6.462499999999999,2
2017,7,15,-1.6,352.0,8.829166666666667,3
2017,7,16,-20.2,625.0,10.375,44
2017,7,17,-6.5,584.0,2.7208333333333337,26
2017,7,18,-5.5,606.0,1.2500000000000002,6
2017,7,19,-1.8,515.0,2.716666666666667,3
2017,7,20,-4.4,482.0,9.429166666666667,6
2017,7,21,-5.6,715.0,2.625,13
2017,7,22,-5.2,613.0,3.85,15
2017,7,23,-3.5,629.0,2.841666666666667,12
2017,7,24,-3.4,702.0,2.904166666666667,10
2017,7,25,-2.9,612.0,3.6333333333333333,9
2017,7,26,-3.7,642.0,3.079166666666666,10
2017,7,27,-4.0,522.0,2.4625,5
2017,7,28,-3.4,457.0,4.433333333333333,7
2017,7,29,-2.0,425.0,2.9291666666666667,3
2017,7,30,-3.5,397.0,3.3000000000000003,3
2017,7,31,-1.8,357.0,6.274999999999999,2
2017,8,1,-2.3,455.0,9.7,4
2017,8,2,-3.0,427.0,3.875,4
2017,8,3,-6.2,423.0,9.483333333333333,10
2017,8,4,-8.9,711.0,13.254166666666668,22
2017,8,5,-2.5,701.0,2.6499999999999995,15
2017,8,6,-2.7,663.0,2.558333333333333,12
2017,8,7,-1.2,562.0,2.7375000000000007,4
2017,8,8,-3.8,459.0,3.7708333333333326,4
2017,8,9,-2.2,438.0,4.7125,4
2017,8,10,-2.4,404.0,4.983333333333333,4
2017,8,11,-6.0,481.0,6.362500000000001,7
2017,8,12,-2.4,588.0,3.6999999999999997,9
2017,8,13,-2.7,602.0,2.1458333333333335,6
2017,8,14,-2.1,571.0,1.7666666666666664,4
2017,8,15,-1.2,450.0,4.820833333333334,2
2017,8,16,-4.0,405.0,8.208333333333334,5
2017,8,17,-7.4,548.0,8.775,24
2017,8,18,-4.5,604.0,4.6916666666666655,20
2017,8,19,-5.0,736.0,3.662500000000001,29
2017,8,20,-3.5,752.0,1.7333333333333334,20
2017,8,21,-2.3,642.0,2.5541666666666663,9
2017,8,22,-4.5,613.0,5.420833333333333,17
2017,8,23,-6.1,482.0,5.604166666666667,23
2017,8,24,-4.5,439.0,6.033333333333332,10
2017,8,25,-2.8,361.0,6.208333333333332,4
2017,8,26,-2.3,350.0,4.704166666666667,3
2017,8,27,-8.0,361.0,4.804166666666666,8
2017,8,28,-3.5,318.0,3.366666666666667,2
2017,8,29,-4.5,369.0,10.9,8
2017,8,30,-2.4,381.0,6.9125000000000005,3
2017,8,31,-6.8,636.0,12.325000000000001,30
2017,9,1,-4.4,638.0,4.029166666666666,16
2017,9,2,-2.6,614.0,3.2208333333333337,20
2017,9,3,-3.3,545.0,2.9583333333333335,7
2017,9,4,-3.6,538.0,5.641666666666666,16
2017,9,5,-2.4,604.0,3.0708333333333333,11
2017,9,6,-2.5,484.0,3.6625,8
2017,9,7,-20.6,582.0,7.004166666666666,36
2017,9,8,-24.2,817.0,2.9125,106
2017,9,9,-1.6,665.0,0.36666666666666675,3
2017,9,10,0.5,517.0,0.7555555555555554,4
2017,9,11,-1.5,632.0,4.333333333333333,11
2017,9,12,-6.8,621.0,6.9375,17
2017,9,13,-2.9,594.0,8.408333333333333,14
2017,9,14,-9.1,660.0,12.241666666666667,22
2017,9,15,-4.0,695.0,3.233333333333333,34
2017,9,16,-3.1,715.0,2.9625,28
2017,9,17,-3.0,676.0,3.1166666666666667,14
2017,9,18,-3.5,673.0,3.020833333333334,20
2017,9,19,-3.2,544.0,2.5208333333333335,7
2017,9,20,-2.5,501.0,3.6458333333333335,8
2017,9,21,-3.3,449.0,4.020833333333333,5
2017,9,22,-2.6,394.0,5.3,5
2017,9,23,-3.1,383.0,6.237500000000001,4
2017,9,24,-4.7,350.0,16.116666666666667,6
2017,9,25,-1.7,397.0,4.808333333333333,4
2017,9,26,-1.5,340.0,10.0875,3
2017,9,27,-11.0,639.0,14.862500000000006,37
2017,9,28,-7.0,697.0,4.020833333333334,51
2017,9,29,-2.8,629.0,2.4625,11
2017,9,30,-4.0,538.0,3.4749999999999996,14
2017,10,1,-4.2,490.0,4.2875,11
2017,10,2,-2.0,480.0,4.270833333333332,5
2017,10,3,-5.6,413.0,7.550000000000002,6
2017,10,4,-5.0,397.0,6.733333333333334,5
2017,10,5,-4.0,413.0,7.341666666666668,6
2017,10,6,-1.5,448.0,6.912499999999998,8
2017,10,7,-1.0,423.0,5.025,3
2017,10,8,-1.3,441.0,5.029166666666668,3
2017,10,9,-1.8,393.0,4.595833333333334,1
2017,10,10,-4.4,360.0,11.883333333333331,2
2017,10,11,-7.2,480.0,13.2875,28
2017,10,12,-4.7,559.0,6.466666666666665,26
2017,10,13,-5.8,697.0,4.6000000000000005,37
2017,10,14,-4.0,713.0,3.3208333333333333,30
2017,10,15,-3.1,667.0,2.5666666666666664,25
2017,10,16,-1.6,560.0,2.8416666666666663,8
2017,10,17,-2.3,502.0,2.8124999999999996,5
2017,10,18,-4.0,424.0,5.516666666666667,4
2017,10,19,-4.2,470.0,10.600000000000001,12
2017,10,20,-2.3,462.0,5.533333333333332,7
2017,10,21,-2.7,481.0,12.275,8
2017,10,22,-4.4,474.0,6.054166666666667,6
2017,10,23,-1.8,389.0,7.879166666666666,4
2017,10,24,-5.2,580.0,13.262500000000001,18
2017,10,25,-3.7,614.0,4.670833333333333,19
2017,10,26,-4.8,573.0,3.4375,17
2017,10,27,-2.3,486.0,3.841666666666667,4
2017,10,28,-2.6,406.0,5.504166666666666,5
2017,10,29,-2.3,355.0,7.504166666666666,3
2017,10,30,-2.3,318.0,7.612500000000002,2
2017,10,31,-3.3,293.0,11.066666666666668,2
2017,11,1,-3.2,304.0,16.795833333333338,2
2017,11,2,-6.4,408.0,13.975,8
2017,11,3,-5.4,413.0,7.516666666666666,8
2017,11,4,-2.2,422.0,5.125,3
2017,11,5,-2.4,386.0,3.725,1
2017,11,6,0.5,356.0,6.766666666666665,1
2017,11,7,-11.0,627.0,21.712500000000002,35
2017,11,8,-6.1,655.0,3.912500000000001,44
2017,11,9,-4.3,598.0,3.708333333333334,18
2017,11,10,-3.8,686.0,3.670833333333333,20
2017,11,11,-1.1,620.0,2.670833333333333,7
2017,11,12,-1.6,532.0,3.6999999999999997,5
2017,11,13,-3.4,405.0,5.495833333333333,6
2017,11,14,-6.4,404.0,8.400000000000002,11
2017,11,15,-5.4,445.0,12.491666666666667,11
2017,11,16,-2.7,504.0,5.187499999999999,14
2017,11,17,-3.3,465.0,4.325,4
2017,11,18,-2.3,424.0,5.987500000000001,6
2017,11,19,-1.1,393.0,10.475000000000001,4
2017,11,20,-5.9,416.0,13.799999999999999,6
2017,11,21,-6.7,611.0,7.358333333333333,27
2017,11,22,-2.7,560.0,3.35,10
2017,11,23,-3.4,460.0,5.375000000000001,8
2017,11,24,-4.9,407.0,8.441666666666665,9
2017,11,25,-2.3,439.0,5.191666666666667,6
2017,11,26,-3.7,340.0,8.825000000000001,2
2017,11,27,-4.9,480.0,11.558333333333335,4
2017,11,28,-6.2,476.0,5.995833333333334,7
2017,11,29,-3.4,412.0,8.283333333333333,4
2017,11,30,-5.4,493.0,6.55,10
2017,12,1,-2.0,495.0,4.987499999999999,7
2017,12,2,-3.2,442.0,5.429166666666666,3
2017,12,3,-2.2,365.0,4.629166666666666,1
2017,12,4,-11.1,401.0,20.008333333333336,10
2017,12,5,-6.3,607.0,8.75,28
2017,12,6,-3.0,622.0,2.6583333333333337,15
2017,12,7,-3.0,533.0,3.429166666666666,10
2017,12,8,-2.5,478.0,4.15,5
2017,12,9,-2.6,398.0,5.491666666666667,3
2017,12,10,-3.0,350.0,7.491666666666666,2
2017,12,11,-6.0,487.0,13.675000000000002,10
2017,12,12,-6.3,517.0,6.05,12
2017,12,13,-2.3,468.0,4.879166666666667,6
2017,12,14,-2.7,437.0,4.395833333333333,4
2017,12,15,-1.3,369.0,10.637500000000001,3
2017,12,16,-2.7,375.0,8.370833333333334,3
2017,12,17,-7.9,643.0,10.4625,23
2017,12,18,-2.4,635.0,3.754166666666667,16
2017,12,19,-1.7,576.0,2.4458333333333333,4
2017,12,20,-2.1,464.0,5.333333333333333,5
2017,12,21,-2.7,401.0,4.929166666666666,2
2017,12,22,-1.2,342.0,8.408333333333333,1
2017,12,23,-4.6,375.0,12.470833333333333,5
2017,12,24,-4.0,566.0,11.054166666666667,11
2017,12,25,-5.2,539.0,4.504166666666666,9
2017,12,26,-3.7,463.0,5.0041666666666655,10
2017,12,27,-2.9,452.0,7.008333333333334,7
2017,12,28,-3.3,413.0,6.137499999999998,4
2017,12,29,-2.2,392.0,5.983333333333334,4
2017,12,30,-2.7,386.0,5.891666666666666,3
2017,12,31,-5.2,375.0,11.429166666666665,3
2018,1,1,-6.1,472.0,8.241666666666667,10
2018,1,2,-1.4,436.0,6.999999999999999,4
2018,1,3,-1.8,393.0,9.741666666666665,2
2018,1,4,-2.5,391.0,5.541666666666667,3
2018,1,5,-2.6,375.0,9.529166666666667,4
2018,1,6,-2.3,328.0,9.775,2
2018,1,7,-3.2,296.0,13.158333333333333,2
2018,1,8,-6.9,508.0,21.166666666666668,9
2018,1,9,-2.5,542.0,3.5541666666666667,9
2018,1,10,-2.4,471.0,4.283333333333333,3
2018,1,11,-1.6,403.0,5.133333333333332,2
2018,1,12,-4.0,354.0,8.258333333333333,3
2018,1,13,-5.8,564.0,16.462499999999995,6
2018,1,14,-7.2,584.0,4.791666666666665,13
2018,1,15,-2.2,509.0,4.4375,9
2018,1,16,-1.9,461.0,4.520833333333333,4
2018,1,17,-2.3,359.0,4.812500000000001,1
2018,1,18,-1.7,331.0,10.599999999999998,1
2018,1,19,-5.1,377.0,11.183333333333332,7
2018,1,20,-4.5,427.0,11.174999999999999,7
2018,1,21,-4.4,503.0,8.9375,9
2018,1,22,-2.8,540.0,3.454166666666667,11
2018,1,23,-2.2,480.0,2.3875,4
2018,1,24,-6.9,402.0,11.145833333333334,9
2018,1,25,-6.9,423.0,7.745833333333334,9
2018,1,26,-3.4,491.0,6.833333333333335,7
2018,1,27,-3.2,455.0,5.374999999999999,6
2018,1,28,-2.3,381.0,10.0125,3
2018,1,29,-2.6,354.0,13.425000000000002,3
2018,1,30,-2.7,345.0,11.295833333333333,3
2018,1,31,-4.6,420.0,11.633333333333338,6
2018,2,1,-2.8,418.0,5.808333333333334,4
2018,2,2,-3.0,379.0,7.454166666666667,3
2018,2,3,-3.1,334.0,11.583333333333336,3
2018,2,4,-2.1,387.0,12.183333333333332,3
2018,2,5,-3.7,422.0,6.512499999999999,8
2018,2,6,-2.4,439.0,4.779166666666667,4
2018,2,7,-2.3,420.0,4.55,2
2018,2,8,-2.5,383.0,9.204166666666667,2
2018,2,9,-3.6,364.0,9.441666666666668,4
2018,2,10,-3.0,369.0,13.999999999999998,6
2018,2,11,-2.4,382.0,6.887499999999999,2
2018,2,12,-3.1,342.0,14.445833333333335,3
2018,2,13,-3.3,333.0,10.383333333333331,2
2018,2,14,-2.4,326.0,5.891666666666667,2
2018,2,15,-4.2,383.0,15.054166666666669,11
2018,2,16,-4.4,403.0,11.174999999999997,7
2018,2,17,-5.5,525.0,5.949999999999999,11
2018,2,18,-3.6,609.0,4.0249999999999995,13
2018,2,19,-3.6,619.0,2.983333333333333,16
2018,2,20,-1.3,516.0,2.1166666666666667,3
2018,2,21,-3.1,397.0,6.166666666666668,2
2018,2,22,-4.8,418.0,10.095833333333333,10
2018,2,23,-4.5,547.0,5.099999999999999,15
2018,2,24,-4.3,518.0,3.087500000000001,8
2018,2,25,-2.6,422.0,4.995833333333333,3
2018,2,26,-3.7,415.0,6.158333333333332,6
2018,2,27,-7.2,551.0,6.570833333333332,18
2018,2,28,-3.2,489.0,3.8791666666666664,6
2018,3,1,-3.7,410.0,5.254166666666667,6
2018,3,2,-1.8,366.0,5.783333333333332,4
2018,3,3,-4.3,337.0,15.566666666666668,5
2018,3,4,-2.9,406.0,8.637500000000001,6
2018,3,5,-1.4,390.0,9.6625,4
2018,3,6,-1.0,404.0,9.437500000000002,4
2018,3,7,-3.3,394.0,5.679166666666666,3
2018,3,8,-3.7,371.0,9.4875,3
2018,3,9,-4.2,453.0,9.991666666666667,10
2018,3,10,-9.2,445.0,9.195833333333331,12
2018,3,11,-1.8,411.0,5.983333333333333,4
2018,3,12,-1.1,379.0,5.470833333333334,2
2018,3,13,-2.7,363.0,7.320833333333333,2
2018,3,14,-6.3,398.0,11.837499999999999,10
2018,3,15,-6.0,489.0,6.562500000000001,15
2018,3,16,-6.2,487.0,6.508333333333334,18
2018,3,17,-4.2,529.0,4.225,14
2018,3,18,-6.9,578.0,4.2625,22
2018,3,19,-3.3,599.0,3.3750000000000004,14
2018,3,20,-2.6,478.0,3.2416666666666667,7
2018,3,21,-3.9,386.0,5.370833333333334,4
2018,3,22,-6.2,403.0,10.804166666666665,6
2018,3,23,-3.9,485.0,7.791666666666669,15
2018,3,24,-4.7,488.0,7.9750000000000005,8
2018,3,25,-3.7,484.0,7.541666666666667,16
2018,3,26,-3.1,530.0,3.308333333333333,10
2018,3,27,-3.4,541.0,2.7166666666666663,8
2018,3,28,-1.8,450.0,2.5416666666666665,2
2018,3,29,-2.1,392.0,7.995833333333331,3
2018,3,30,-2.7,428.0,8.395833333333334,4
2018,3,31,-2.5,444.0,6.316666666666666,6
2018,4,1,-1.0,460.0,5.379166666666666,4
2018,4,2,-1.4,455.0,3.5625000000000004,4
2018,4,3,-2.4,387.0,2.8416666666666672,2
2018,4,4,-2.9,344.0,12.216666666666667,4
2018,4,5,-3.1,429.0,10.670833333333333,8
2018,4,6,-0.6,435.0,5.658333333333331,3
2018,4,7,-1.9,376.0,9.695833333333331,4
2018,4,8,-3.7,378.0,9.304166666666665,5
2018,4,9,-4.6,479.0,8.045833333333333,11
2018,4,10,-4.4,587.0,4.7875,17
2018,4,11,-3.0,587.0,3.483333333333334,12
2018,4,12,-3.6,528.0,3.1583333333333337,8
2018,4,13,-4.1,497.0,3.929166666666667,8
2018,4,14,-3.4,424.0,4.491666666666666,5
2018,4,15,-3.3,359.0,6.533333333333332,5
2018,4,16,-2.6,316.0,7.679166666666667,2
2018,4,17,-2.6,313.0,9.970833333333333,3
2018,4,18,-4.1,304.0,11.883333333333331,5
2018,4,19,-1.6,306.0,10.529166666666667,2
2018,4,20,-13.5,606.0,19.712500000000002,43
2018,4,21,-1.9,629.0,3.029166666666667,12
2018,4,22,-2.1,542.0,2.858333333333333,5
2018,4,23,-3.9,431.0,3.404166666666667,6
2018,4,24,-2.7,375.0,6.195833333333333,4
2018,4,25,-3.2,359.0,4.841666666666668,4
2018,4,26,-2.0,374.0,10.341666666666667,4
2018,4,27,-4.6,381.0,10.304166666666669,5
2018,4,28,-0.8,385.0,6.479166666666665,3
2018,4,29,-0.8,368.0,5.258333333333333,3
2018,4,30,0.2,440.0,6.3416666666666694,5
2018,5,1,-0.7,402.0,3.5958333333333328,2
2018,5,2,-2.6,403.0,5.154166666666666,4
2018,5,3,-0.5,371.0,5.870833333333334,3
2018,5,4,-2.4,363.0,8.725,4
2018,5,5,-6.8,601.0,11.820833333333335,23
2018,5,6,-5.2,669.0,3.6250000000000004,26
2018,5,7,-3.2,661.0,2.966666666666667,16
2018,5,8,-3.1,667.0,3.2125000000000004,14
2018,5,9,-3.3,662.0,2.6458333333333335,14
2018,5,10,-3.4,578.0,2.3583333333333334,11
2018,5,11,-5.1,502.0,4.874999999999999,14
2018,5,12,-4.3,496.0,3.8291666666666675,8
2018,5,13,-2.8,463.0,7.325,7
2018,5,14,-2.5,424.0,4.683333333333333,4
2018,5,15,-2.9,370.0,5.949999999999999,3
2018,5,16,-3.8,348.0,9.854166666666666,3
2018,5,17,-7.2,414.0,11.862500000000002,10
2018,5,18,-2.8,448.0,3.1333333333333333,4
2018,5,19,-3.0,409.0,4.4416666666666655,2
2018,5,20,-2.0,373.0,3.220833333333333,2
2018,5,21,-2.7,352.0,3.725,2
2018,5,22,-3.4,344.0,14.520833333333334,4
2018,5,23,-4.5,520.0,8.154166666666667,8
2018,5,24,-0.7,504.0,3.5875000000000004,3
2018,5,25,-2.3,412.0,4.7375,3
2018,5,26,-1.6,362.0,8.533333333333333,3
2018,5,27,-3.0,367.0,8.000000000000002,3
2018,5,28,-1.9,393.0,7.275000000000001,4
2018,5,29,-2.5,389.0,7.349999999999998,3
2018,5,30,-1.5,375.0,5.945833333333334,4
2018,5,31,-6.0,475.0,11.512500000000001,12
2018,6,1,-6.9,695.0,4.570833333333334,23
2018,6,2,-3.3,680.0,3.0541666666666667,16
2018,6,3,-2.5,707.0,1.7749999999999997,8
2018,6,4,-1.3,624.0,2.033333333333333,4
2018,6,5,-1.5,459.0,6.237500000000003,5
2018,6,6,-6.6,442.0,4.3625,6
2018,6,7,-2.3,408.0,6.224999999999999,5
2018,6,8,-3.6,377.0,8.112499999999999,4
2018,6,9,-1.8,351.0,7.699999999999999,3
2018,6,10,-2.4,354.0,6.233333333333333,2
2018,6,11,-2.9,315.0,10.4625,3
2018,6,12,-2.5,310.0,9.308333333333332,3
2018,6,13,-4.5,311.0,12.437500000000002,4
2018,6,14,-3.5,342.0,12.641666666666667,4
2018,6,15,-2.4,330.0,10.470833333333335,3
2018,6,16,-2.2,306.0,7.829166666666668,2
2018,6,17,-4.5,348.0,16.075,4
2018,6,18,-11.4,526.0,8.508333333333335,16
2018,6,19,-2.7,517.0,2.941666666666667,5
2018,6,20,-1.6,484.0,2.9291666666666667,5
2018,6,21,-1.5,438.0,2.9124999999999996,3
2018,6,22,-3.9,376.0,6.316666666666666,3
2018,6,23,-10.7,485.0,10.479166666666666,18
2018,6,24,-3.8,497.0,3.225,6
2018,6,25,-8.0,443.0,5.833333333333333,12
2018,6,26,-6.7,620.0,8.6625,20
2018,6,27,-2.4,626.0,2.041666666666666,6
2018,6,28,-1.6,518.0,2.4625000000000004,5
2018,6,29,-1.4,495.0,1.9666666666666666,3
2018,6,30,-2.0,460.0,2.979166666666666,3
2018,7,1,-0.8,423.0,4.041666666666667,2
2018,7,2,-0.7,365.0,5.2458333333333345,2
2018,7,3,-3.4,338.0,9.929166666666667,2
2018,7,4,-3.6,339.0,9.804166666666667,4
2018,7,5,-6.1,442.0,10.995833333333335,17
2018,7,6,-1.7,469.0,7.925,7
2018,7,7,-2.0,494.0,3.179166666666667,5
2018,7,8,-1.5,458.0,3.3166666666666664,4
2018,7,9,-1.0,414.0,2.9666666666666672,2
2018,7,10,-3.0,396.0,11.29166666666667,6
2018,7,11,-3.8,360.0,12.366666666666665,7
2018,7,12,-5.7,448.0,8.2125,7
2018,7,13,-2.8,480.0,3.9291666666666667,5
2018,7,14,-3.1,491.0,2.7125000000000004,4
2018,7,15,-2.1,416.0,3.8958333333333335,3
2018,7,16,-6.0,357.0,15.345833333333333,7
2018,7,17,-7.0,440.0,9.129166666666668,7
2018,7,18,-1.9,422.0,4.195833333333333,3
2018,7,19,-2.9,390.0,5.804347826086958,3
2018,7,20,-3.0,450.0,6.749999999999999,6
2018,7,21,-4.1,535.0,5.2666666666666675,10
2018,7,22,-3.3,491.0,3.0083333333333333,4
2018,7,23,-2.5,452.0,3.9291666666666667,3
2018,7,24,-4.0,587.0,8.187500000000002,17
2018,7,25,-2.7,586.0,2.4875,8
2018,7,26,-0.4,535.0,1.9875000000000005,3
2018,7,27,-0.9,417.0,3.4875000000000003,3
2018,7,28,-2.9,396.0,4.1375,4
2018,7,29,-3.5,361.0,6.329166666666667,4
2018,7,30,-4.7,337.0,9.554166666666669,4
2018,7,31,-3.8,339.0,11.275,4
2018,8,1,-3.8,415.0,11.816666666666665,5
2018,8,2,-2.0,398.0,9.93333333333333,5
2018,8,3,-3.1,396.0,8.220833333333333,5
2018,8,4,-2.4,397.0,7.420833333333333,4
2018,8,5,-2.7,359.0,7.8,4
2018,8,6,-1.0,345.0,6.229166666666667,3
2018,8,7,-5.5,373.0,14.883333333333335,9
2018,8,8,-1.7,439.0,4.812499999999999,4
2018,8,9,-2.4,404.0,4.883333333333332,4
2018,8,10,-2.4,378.0,7.2625,3
2018,8,11,-4.6,402.0,12.883333333333333,10
2018,8,12,-3.0,401.0,8.995833333333332,5
2018,8,13,-3.2,404.0,3.954166666666666,4
2018,8,14,-1.7,353.0,7.483333333333332,3
2018,8,15,-8.0,475.0,11.662499999999996,13
2018,8,16,-5.8,505.0,6.3125,10
2018,8,17,-5.3,543.0,3.8125000000000004,12
2018,8,18,-3.6,534.0,3.875,9
2018,8,19,-2.4,500.0,7.050000000000001,7
2018,8,20,-3.2,662.0,3.6125000000000003,14
2018,8,21,-0.9,659.0,2.0500000000000007,7
2018,8,22,-2.6,531.0,3.295833333333334,5
2018,8,23,-2.0,436.0,4.000000000000001,4
2018,8,24,-4.1,384.0,7.429166666666666,4
2018,8,25,-11.0,444.0,8.708333333333332,12
2018,8,26,-16.8,537.0,12.325000000000001,67
2018,8,27,-5.5,619.0,3.0541666666666667,25
2018,8,28,-3.2,579.0,2.904166666666667,8
2018,8,29,-1.4,545.0,2.2541666666666664,5
2018,8,30,-1.4,460.0,3.6583333333333337,3
2018,8,31,-2.6,395.0,8.391666666666667,4
2018,9,1,-2.7,395.0,5.7625,4
2018,9,2,-2.5,355.0,9.333333333333334,4
2018,9,3,-2.4,350.0,11.683333333333332,4
2018,9,4,-5.9,423.0,11.508333333333333,8
2018,9,5,-3.8,484.0,4.583333333333332,10
2018,9,6,-1.8,434.0,5.875,4
2018,9,7,-1.4,488.0,7.995833333333333,4
2018,9,8,-1.7,407.0,7.591666666666666,4
2018,9,9,-2.9,413.0,5.7,6
2018,9,10,-7.3,498.0,10.1875,20
2018,9,11,-7.9,570.0,5.0874999999999995,35
2018,9,12,-1.5,555.0,3.0208333333333335,9
2018,9,13,-3.9,551.0,5.154166666666666,17
2018,9,14,-5.0,688.0,2.962499999999999,14
2018,9,15,-1.5,679.0,1.9416666666666662,7
2018,9,16,-2.4,468.0,4.595833333333333,5
2018,9,17,-2.9,561.0,7.658333333333335,11
2018,9,18,-2.9,539.0,3.279166666666667,5
2018,9,19,-1.9,484.0,3.066666666666667,3
2018,9,20,-0.7,402.0,3.545833333333334,1
2018,9,21,-7.1,370.0,9.358333333333333,7
2018,9,22,-8.1,559.0,7.008333333333334,27
2018,9,23,-2.9,494.0,5.370833333333334,10
2018,9,24,-1.8,483.0,10.462499999999999,6
2018,9,25,-3.9,438.0,13.633333333333331,10
2018,9,26,-3.5,468.0,4.812499999999999,7
2018,9,27,-2.9,442.0,5.595833333333334,6
2018,9,28,-3.2,421.0,9.070833333333333,7
2018,9,29,-4.2,477.0,8.279166666666667,9
2018,9,30,-1.9,485.0,3.929166666666666,5
2018,10,1,-4.7,452.0,8.529166666666667,8
2018,10,2,-2.2,533.0,4.029166666666666,7
2018,10,3,-1.1,467.0,8.995833333333332,4
2018,10,4,-2.8,508.0,5.729166666666667,4
2018,10,5,-2.5,394.0,10.625,8
2018,10,6,-2.4,373.0,7.779166666666666,4
2018,10,7,-8.3,566.0,13.4125,24
2018,10,8,-5.3,582.0,4.729166666666667,19
2018,10,9,-3.8,614.0,3.504166666666667,16
2018,10,10,-4.8,563.0,4.129166666666667,15
2018,10,11,-2.9,509.0,3.458333333333334,9
2018,10,12,-3.0,451.0,3.1999999999999997,5
2018,10,13,-5.8,467.0,9.916666666666666,13
2018,10,14,-1.2,591.0,3.3000000000000003,5
2018,10,15,-2.1,616.0,2.4875000000000007,10
2018,10,16,-1.1,594.0,2.1416666666666666,5
2018,10,17,-2.6,483.0,2.7125,2
2018,10,18,0.0,376.0,3.8541666666666665,0
2018,10,19,-0.5,324.0,5.8999999999999995,2
2018,10,20,-0.9,309.0,8.945833333333333,1
2018,10,21,-4.9,379.0,17.745833333333337,4
2018,10,22,-3.6,394.0,7.062499999999999,5
2018,10,23,-2.4,336.0,10.912500000000001,3
2018,10,24,-2.7,358.0,8.6,3
2018,10,25,-3.4,349.0,9.791666666666668,5
2018,10,26,-3.3,408.0,8.85,6
2018,10,27,-1.8,421.0,3.358333333333333,3
2018,10,28,-1.7,362.0,6.262500000000002,3
2018,10,29,-1.7,324.0,8.441666666666668,1
2018,10,30,-2.4,323.0,10.316666666666666,3
2018,10,31,-2.4,337.0,11.583333333333334,3
2018,11,1,-2.9,352.0,14.754166666666668,4
2018,11,2,-1.5,353.0,11.108333333333333,4
2018,11,3,-3.8,358.0,10.858333333333334,3
2018,11,4,-7.1,468.0,16.5125,16
2018,11,5,-6.5,611.0,5.3875,32
2018,11,6,-2.7,534.0,3.9875000000000003,7
2018,11,7,-2.9,444.0,5.429166666666667,9
2018,11,8,-5.4,491.0,3.720833333333333,11
2018,11,9,-6.8,473.0,6.899999999999999,11
2018,11,10,-3.1,618.0,5.4875,13
2018,11,11,-2.1,597.0,3.045833333333334,7
2018,11,12,-3.3,637.0,2.7874999999999996,9
2018,11,13,-1.1,612.0,1.9249999999999996,3
2018,11,14,-0.9,443.0,4.937499999999999,3
2018,11,15,-1.5,401.0,4.145833333333333,1
2018,11,16,-1.9,362.0,6.2749999999999995,1
2018,11,17,-1.5,351.0,6.095833333333332,1
2018,11,18,-1.9,334.0,10.762500000000003,2
2018,11,19,-4.1,338.0,15.5375,4
2018,11,20,-6.4,430.0,11.954166666666667,6
2018,11,21,-2.0,417.0,6.891666666666667,4
2018,11,22,-1.6,398.0,3.7000000000000006,2
2018,11,23,-0.7,381.0,8.941666666666668,2
2018,11,24,-1.4,357.0,9.954166666666666,3
2018,11,25,-3.5,365.0,6.091666666666666,3
2018,11,26,-1.6,340.0,5.3500000000000005,2
2018,11,27,-2.5,419.0,10.466666666666667,5
2018,11,28,-1.8,427.0,6.7,2
2018,11,29,-1.4,395.0,5.487500000000001,2
2018,11,30,-1.3,372.0,6.7749999999999995,2
2018,12,1,-4.7,410.0,16.7625,6
2018,12,2,-3.6,450.0,6.7875000000000005,11
2018,12,3,-4.1,472.0,7.170833333333334,8
2018,12,4,-5.0,478.0,5.887499999999999,8
2018,12,5,-2.1,469.0,4.204166666666667,4
2018,12,6,-2.6,416.0,3.929166666666667,5
2018,12,7,-4.5,532.0,9.108333333333336,9
2018,12,8,-2.6,590.0,3.4375000000000004,10
2018,12,9,-3.0,631.0,4.170833333333333,9
2018,12,10,-2.6,661.0,2.2333333333333334,10
2018,12,11,-2.0,589.0,2.066666666666667,8
2018,12,12,-2.0,506.0,2.208333333333333,4
2018,12,13,-1.2,422.0,3.029166666666667,1
2018,12,14,-1.2,376.0,4.4750000000000005,2
2018,12,15,-1.9,347.0,3.695833333333333,1
2018,12,16,-3.0,331.0,8.745833333333332,2
2018,12,17,-2.9,417.0,9.4,5
2018,12,18,-4.4,439.0,4.8374999999999995,6
2018,12,19,-2.6,531.0,3.5541666666666667,5
2018,12,20,-3.0,638.0,2.8083333333333336,11
2018,12,21,-1.6,536.0,1.9791666666666667,4
2018,12,22,-1.6,397.0,3.1,2
2018,12,23,-2.0,361.0,5.454166666666667,2
2018,12,24,-3.5,343.0,5.8875,2
2018,12,25,-3.6,367.0,7.599999999999998,3
2018,12,26,-3.5,366.0,7.449999999999998,2
2018,12,27,-6.2,372.0,13.366666666666667,3
2018,12,28,-7.5,604.0,8.295833333333333,22
2018,12,29,-2.5,568.0,3.625,9
2018,12,30,-2.7,569.0,4.529166666666666,9
2018,12,31,-3.7,525.0,4.483333333333333,7
2019,1,1,-3.5,460.0,3.4416666666666664,5
2019,1,2,-1.2,377.0,2.891666666666667,0
2019,1,3,-2.4,337.0,5.229166666666666,1
2019,1,4,-5.9,407.0,20.304166666666667,9
2019,1,5,-7.1,532.0,4.987499999999999,16
2019,1,6,-3.7,554.0,3.5374999999999996,9
2019,1,7,-1.8,543.0,3.504166666666667,6
2019,1,8,-2.4,461.0,5.020833333333333,6
2019,1,9,-4.1,439.0,6.029166666666668,4
2019,1,10,-2.3,411.0,6.016666666666667,3
2019,1,11,-3.0,509.0,4.250000000000002,6
2019,1,12,-2.4,415.0,3.3833333333333333,2
2019,1,13,-1.9,366.0,9.225,2
2019,1,14,-3.4,403.0,11.075000000000001,6
2019,1,15,-3.9,417.0,7.070833333333333,5
2019,1,16,-6.8,405.0,7.5125,5
2019,1,17,-2.8,503.0,5.716666666666668,6
2019,1,18,-1.9,484.0,3.512500000000001,5
2019,1,19,-2.6,415.0,4.45,4
2019,1,20,-3.1,374.0,6.270833333333333,3
2019,1,21,-1.0,346.0,10.054166666666665,3
2019,1,22,-3.2,351.0,7.829166666666666,3
2019,1,23,-6.7,471.0,10.099999999999998,12
2019,1,24,-2.9,634.0,5.466666666666668,17
2019,1,25,-1.7,621.0,3.2833333333333337,12
2019,1,26,-2.3,553.0,4.366666666666666,7
2019,1,27,-2.0,445.0,3.245833333333333,4
2019,1,28,-1.7,420.0,4.041666666666667,1
2019,1,29,-1.5,368.0,4.066666666666666,2
2019,1,30,-2.6,314.0,8.916666666666666,1
2019,1,31,-12.0,522.0,18.641666666666662,14
2019,2,1,-6.1,627.0,4.275,15
2019,2,2,-3.6,609.0,4.020833333333334,16
2019,2,3,-3.0,623.0,2.2999999999999994,10
2019,2,4,-4.3,468.0,3.4791666666666674,5
2019,2,5,-1.5,399.0,4.633333333333333,5
2019,2,6,-6.0,446.0,4.933333333333333,8
2019,2,7,-4.3,443.0,2.7541666666666664,4
2019,2,8,-4.5,459.0,3.654166666666667,8
2019,2,9,-4.0,477.0,4.695833333333332,9
2019,2,10,-2.7,455.0,3.616666666666666,5
2019,2,11,-5.8,406.0,6.120833333333333,8
2019,2,12,-2.8,401.0,5.795833333333334,4
2019,2,13,-6.6,476.0,6.3500000000000005,13
2019,2,14,-2.7,524.0,3.5958333333333345,9
2019,2,15,-1.7,473.0,2.0749999999999997,3
2019,2,16,-3.2,392.0,3.666666666666666,3
2019,2,17,-4.1,359.0,5.195833333333333,3
2019,2,18,-4.7,371.0,9.683333333333332,6
2019,2,19,-2.0,354.0,4.591666666666668,2
2019,2,20,-4.3,354.0,14.137500000000001,3
2019,2,21,-3.0,459.0,8.5625,10
2019,2,22,-0.9,492.0,3.8583333333333343,3
2019,2,23,-2.4,417.0,4.691666666666666,2
2019,2,24,-1.8,339.0,4.983333333333333,1
2019,2,25,-2.8,346.0,6.083333333333335,1
2019,2,26,-2.2,340.0,7.316666666666666,2
2019,2,27,-5.3,482.0,15.499999999999998,11
2019,2,28,-5.7,571.0,5.283333333333332,23
2019,3,1,-3.4,595.0,3.799999999999999,23
2019,3,2,-3.0,567.0,3.579166666666667,13
2019,3,3,-3.0,508.0,2.6999999999999997,6
2019,3,4,-4.4,444.0,3.420833333333333,6
2019,3,5,-3.1,424.0,3.5500000000000003,4
2019,3,6,-3.0,493.0,4.570833333333334,7
2019,3,7,-3.9,484.0,5.583333333333333,6
2019,3,8,-1.2,426.0,3.524999999999999,4
2019,3,9,-3.6,454.0,3.3958333333333326,4
2019,3,10,-2.3,443.0,2.6999999999999993,3
2019,3,11,-3.0,365.0,4.125,2
2019,3,12,-7.4,396.0,4.620833333333333,6
2019,3,13,-3.3,363.0,5.75,4
2019,3,14,-5.0,354.0,8.491666666666665,7
2019,3,15,-4.8,390.0,7.983333333333335,7
2019,3,16,-5.4,443.0,4.7,12
2019,3,17,-6.4,440.0,5.741666666666667,15
2019,3,18,-0.9,374.0,7.045833333333334,2
2019,3,19,-4.7,403.0,11.575000000000001,6
2019,3,20,-2.0,410.0,5.591666666666666,5
2019,3,21,-0.5,373.0,4.883333333333334,2
2019,3,22,-2.0,330.0,6.2,1
2019,3,23,-1.3,318.0,7.183333333333334,1
2019,3,24,-0.3,302.0,10.383333333333333,1
2019,3,25,-1.9,341.0,14.166666666666666,4
2019,3,26,-5.8,359.0,10.429166666666669,4
2019,3,27,-4.0,371.0,10.787500000000001,6
2019,3,28,-3.4,525.0,8.091666666666669,9
2019,3,29,-2.3,520.0,2.920833333333333,6
2019,3,30,-1.7,414.0,3.5291666666666663,3
2019,3,31,-4.3,419.0,7.8500000000000005,9
2019,4,1,-3.8,421.0,5.558333333333334,6
2019,4,2,-4.6,386.0,3.3666666666666667,6
2019,4,3,-5.9,434.0,6.395833333333333,10
2019,4,4,-6.2,498.0,4.845833333333332,10
2019,4,5,-3.3,523.0,3.0875000000000004,12
2019,4,6,-2.2,527.0,2.0500000000000003,7
2019,4,7,-3.3,434.0,3.029166666666667,4
2019,4,8,-4.9,458.0,6.699999999999999,11
2019,4,9,-3.3,430.0,6.362500000000002,9
2019,4,10,-5.3,459.0,5.4750000000000005,14
2019,4,11,-2.6,448.0,3.433333333333333,6
2019,4,12,-3.3,445.0,3.829166666666666,7
2019,4,13,-2.2,455.0,4.3,7
2019,4,14,-1.3,384.0,5.783333333333334,4
2019,4,15,-5.8,358.0,11.804166666666667,6
2019,4,16,-2.5,388.0,6.125,5
2019,4,17,-3.5,359.0,5.320833333333334,3
2019,4,18,-2.3,330.0,6.147826086956523,2
2019,4,19,-3.8,338.0,9.845833333333333,4
2019,4,20,-2.7,347.0,7.533333333333332,4
2019,4,21,-1.9,351.0,6.345833333333334,3
2019,4,22,-1.6,393.0,5.616666666666668,3
2019,4,23,-6.4,390.0,7.408333333333332,7
2019,4,24,-3.9,425.0,6.125,6
2019,4,25,-3.4,418.0,7.295833333333333,4
2019,4,26,-3.6,395.0,4.5125,3
2019,4,27,-3.5,381.0,6.054166666666666,5
2019,4,28,-2.7,376.0,8.883333333333333,4
2019,4,29,-3.2,390.0,5.358333333333332,4
2019,4,30,-3.5,326.0,6.391666666666667,4
2019,5,1,-4.6,476.0,8.079166666666666,11
2019,5,2,-3.1,569.0,2.6875,11
2019,5,3,-3.6,466.0,5.2875000000000005,7
2019,5,4,-4.2,505.0,3.870833333333334,8
2019,5,5,-1.5,479.0,2.195833333333333,3
2019,5,6,-3.3,384.0,4.625,4
2019,5,7,-2.3,365.0,6.462500000000001,4
2019,5,8,-0.6,341.0,10.34166666666667,2
2019,5,9,-4.4,379.0,11.191666666666668,6
2019,5,10,-6.2,380.0,7.283333333333334,7
2019,5,11,-9.9,364.0,7.741666666666666,24
2019,5,12,-5.1,354.0,2.9291666666666667,4
2019,5,13,-5.0,393.0,6.599999999999999,6
2019,5,14,-12.7,556.0,4.6833333333333345,32
2019,5,15,3.8,476.0,6.816666666666666,5
2019,5,16,-3.1,476.0,4.5875,7
2019,5,17,-1.0,480.0,5.116666666666666,4
2019,5,18,-3.7,421.0,3.2666666666666675,4
2019,5,19,-2.7,399.0,4.604166666666667,2
2019,5,20,-4.8,399.0,7.258333333333333,5
2019,5,21,-1.4,414.0,3.420833333333333,3
2019,5,22,-1.7,389.0,8.4625,4
2019,5,23,-5.1,357.0,9.016666666666667,4
2019,5,24,-2.4,354.0,7.045833333333333,4
2019,5,25,-1.6,343.0,9.966666666666667,3
2019,5,26,-1.3,352.0,6.245833333333334,4
2019,5,27,-6.7,372.0,9.870833333333334,8
2019,5,28,-5.7,422.0,8.158333333333333,7
2019,5,29,-5.4,562.0,5.2875000000000005,13
2019,5,30,-3.5,547.0,3.7041666666666657,7
2019,5,31,-1.9,503.0,2.5291666666666663,4
2019,6,1,-2.6,377.0,3.016666666666666,3
2019,6,2,-2.5,340.0,5.5125,3
2019,6,3,-2.2,328.0,9.999999999999998,3
2019,6,4,-6.9,344.0,8.488235294117647,6
2019,6,5,-2.9,344.0,5.820833333333333,4
2019,6,6,-1.5,326.0,5.050000000000001,2
2019,6,7,-2.7,310.0,8.233333333333333,4
2019,6,8,-15.2,397.0,20.237499999999997,20
2019,6,9,-4.0,463.0,4.504166666666667,6
2019,6,10,-2.3,367.0,3.9874999999999994,2
2019,6,11,-3.2,340.0,5.724999999999999,2
2019,6,12,-2.3,361.0,10.504166666666665,3
2019,6,13,-5.2,477.0,6.170833333333332,9
2019,6,14,-2.4,472.0,5.616666666666666,6
2019,6,15,-2.6,425.0,5.679166666666666,3
2019,6,16,-1.9,370.0,3.3416666666666655,4
2019,6,17,-3.1,342.0,5.616666666666667,2
2019,6,18,-2.0,333.0,7.512499999999999,3
2019,6,19,-2.0,336.0,13.1875,3
2019,6,20,-4.6,371.0,8.416666666666668,6
2019,6,21,-2.5,398.0,9.712499999999999,5
2019,6,22,-2.4,412.0,5.541666666666667,3
2019,6,23,-1.7,352.0,6.066666666666666,2
2019,6,24,-2.2,350.0,7.800000000000001,4
2019,6,25,-3.2,352.0,6.791666666666665,3
2019,6,26,-4.1,402.0,5.508333333333333,5
2019,6,27,-2.5,390.0,5.316666666666666,3
2019,6,28,-2.2,354.0,4.0608695652173905,4
2019,6,29,-2.5,340.0,5.0625,3
2019,6,30,-3.0,333.0,6.4750000000000005,4
2019,7,1,-5.4,358.0,9.783333333333331,8
2019,7,2,-4.4,363.0,8.662500000000001,4
2019,7,3,-3.8,380.0,7.929166666666667,3
2019,7,4,-3.5,369.0,7.154166666666666,4
2019,7,5,-1.7,441.0,5.4333333333333345,4
2019,7,6,-2.1,390.0,6.058333333333334,3
2019,7,7,-3.2,350.0,7.9875,4
2019,7,8,-4.0,385.0,12.333333333333334,8
2019,7,9,-5.6,620.0,8.9,15
2019,7,10,-4.6,646.0,3.9999999999999996,15
2019,7,11,-3.1,593.0,2.5458333333333334,6
2019,7,12,-3.2,500.0,2.154166666666667,4
2019,7,13,-3.6,461.0,5.079166666666667,5
2019,7,14,-2.0,456.0,4.770833333333333,5
2019,7,15,-3.0,477.0,6.221739130434782,6
2019,7,16,-2.9,426.0,4.615384615384615,4
2019,7,17,-2.3,471.0,2.957142857142857,5
2019,7,18,-1.3,417.0,5.045833333333333,3
2019,7,19,-2.4,368.0,4.079166666666667,3
2019,7,20,-0.9,341.0,6.3791666666666655,2
2019,7,21,-2.3,363.0,11.791666666666666,8
2019,7,22,-4.8,423.0,14.454166666666671,7
2019,7,23,-2.5,424.0,5.358333333333334,5
2019,7,24,-3.5,411.0,5.829166666666666,4
2019,7,25,-1.1,369.0,4.766666666666667,2
2019,7,26,-1.3,351.0,5.379166666666667,2
2019,7,27,-4.5,332.0,9.754166666666665,4
2019,7,28,-2.1,359.0,11.162500000000001,4
2019,7,29,-2.4,374.0,6.666666666666667,4
2019,7,30,-3.1,426.0,8.424999999999999,8
2019,7,31,-2.7,496.0,6.141666666666667,7
2019,8,1,-2.6,553.0,2.9749999999999996,7
2019,8,2,-0.9,493.0,3.6666666666666665,3
2019,8,3,-2.5,394.0,4.450000000000001,2
2019,8,4,-2.6,369.0,10.045833333333336,3
2019,8,5,-7.9,708.0,11.016666666666664,34
2019,8,6,-1.9,722.0,2.1374999999999997,10
2019,8,7,-2.6,601.0,2.3374999999999995,5
2019,8,8,-3.7,550.0,2.433333333333333,6
2019,8,9,-1.8,627.0,2.7347826086956526,6
2019,8,10,-2.0,630.0,2.0708333333333333,6
2019,8,11,-3.3,478.0,4.2125,5
2019,8,12,-2.1,469.0,8.258333333333335,4
2019,8,13,-3.4,491.0,4.479166666666667,6
2019,8,14,-1.3,485.0,2.4875,4
2019,8,15,-2.0,467.0,3.6625,3
2019,8,16,-2.3,431.0,4.258333333333334,4
2019,8,17,-3.4,374.0,7.483333333333333,4
2019,8,18,-3.4,367.0,7.741666666666666,5
2019,8,19,-2.0,376.0,7.908333333333334,3
2019,8,20,-1.8,415.0,6.216666666666668,4
2019,8,21,-1.6,404.0,8.312500000000002,4
2019,8,22,-3.1,365.0,11.383333333333333,5
2019,8,23,-3.9,379.0,6.929166666666666,4
2019,8,24,-2.3,359.0,6.395833333333335,4
2019,8,25,-3.3,337.0,7.750000000000001,3
2019,8,26,-4.8,343.0,11.758333333333333,5
2019,8,27,-3.5,514.0,13.045833333333333,10
2019,8,28,-1.3,500.0,2.6666666666666665,4
2019,8,29,-1.9,420.0,6.145833333333333,3
2019,8,30,-5.1,563.0,8.454166666666667,9
2019,8,31,-6.0,721.0,5.141666666666667,38
2019,9,1,-5.1,752.0,3.4291666666666667,44
2019,9,2,-3.4,716.0,2.4041666666666672,22
2019,9,3,-1.4,664.0,2.1041666666666665,8
2019,9,4,-3.0,585.0,2.920833333333333,10
2019,9,5,-4.2,548.0,3.2083333333333335,12
2019,9,6,-4.1,541.0,2.733333333333334,7
2019,9,7,-2.4,491.0,3.2083333333333335,6
2019,9,8,-3.5,466.0,4.570833333333334,8
2019,9,9,-3.3,519.0,4.583333333333335,13
2019,9,10,-3.0,509.0,2.0375,4
2019,9,11,-2.5,455.0,2.204166666666667,4
2019,9,12,-3.7,438.0,5.824999999999999,5
2019,9,13,-1.5,541.0,4.637499999999999,7
2019,9,14,-2.5,506.0,2.579166666666667,5
2019,9,15,-3.4,470.0,5.908333333333331,8
2019,9,16,-3.0,472.0,6.241666666666668,10
2019,9,17,-4.4,433.0,8.287500000000003,8
2019,9,18,-3.0,446.0,5.2,8
2019,9,19,-1.5,390.0,4.108333333333333,3
2019,9,20,-2.0,359.0,7.3083333333333345,3
2019,9,21,-4.5,353.0,9.495833333333334,6
2019,9,22,-1.7,350.0,7.3791666666666655,3
2019,9,23,-3.3,327.0,7.156521739130435,2
2019,9,24,-5.6,499.0,11.987500000000002,12
2019,9,25,-1.8,497.0,4.908333333333334,4
2019,9,26,-1.9,395.0,4.395833333333334,3
2019,9,27,-5.7,691.0,10.687500000000002,22
2019,9,28,-3.9,695.0,2.7125,24
2019,9,29,-3.8,588.0,2.8000000000000003,12
2019,9,30,-3.5,476.0,4.0249999999999995,12
2019,10,1,-5.2,497.0,2.7583333333333333,10
2019,10,2,-3.5,504.0,2.620833333333334,6
2019,10,3,-1.1,498.0,4.591666666666667,4
2019,10,4,-2.1,427.0,12.67083333333334,6
2019,10,5,-2.7,403.0,7.7250000000000005,7
2019,10,6,-2.2,445.0,3.629166666666666,4
2019,10,7,-3.6,383.0,6.233333333333332,6
2019,10,8,-2.4,410.0,5.208333333333334,4
2019,10,9,-6.0,412.0,9.075,8
2019,10,10,-5.4,516.0,4.900000000000001,13
2019,10,11,-3.4,481.0,3.1333333333333333,7
2019,10,12,-1.8,441.0,3.6041666666666665,4
2019,10,13,-0.7,377.0,5.908333333333332,0
2019,10,14,-3.7,359.0,8.595833333333333,5
2019,10,15,0.8,370.0,10.9125,3
2019,10,16,-3.9,425.0,8.1375,5
2019,10,17,-2.3,427.0,4.666666666666667,5
2019,10,18,-3.5,382.0,7.487500000000002,5
2019,10,19,-3.2,365.0,7.508333333333333,4
2019,10,20,-4.1,350.0,9.941666666666666,4
2019,10,21,-1.2,351.0,10.916666666666666,4
2019,10,22,-1.7,361.0,8.895833333333334,2
2019,10,23,-0.1,365.0,6.020833333333333,1
2019,10,24,-7.1,583.0,12.85,18
2019,10,25,-5.7,650.0,4.316666666666666,25
2019,10,26,-4.6,650.0,4.437500000000001,24
2019,10,27,-3.4,624.0,2.2833333333333337,15
2019,10,28,-3.1,582.0,3.2166666666666672,10
2019,10,29,-2.8,453.0,6.824999999999999,7
2019,10,30,-3.8,402.0,15.175000000000002,7
2019,10,31,-1.1,441.0,10.525,6
2019,11,1,-2.0,422.0,4.95,3
2019,11,2,-2.6,373.0,4.658333333333332,1
2019,11,3,-2.0,342.0,9.091666666666667,1
2019,11,4,-2.4,383.0,14.225,4
2019,11,5,-2.2,416.0,5.783333333333334,5
2019,11,6,-2.8,426.0,5.245833333333334,6
2019,11,7,-2.9,427.0,4.254166666666667,4
2019,11,8,-2.3,353.0,7.970833333333334,3
2019,11,9,-2.4,343.0,7.537499999999999,4
2019,11,10,-2.1,339.0,7.4375,2
2019,11,11,-8.1,374.0,12.362500000000002,8
2019,11,12,0.1,361.0,7.1291666666666655,3
2019,11,13,-1.9,351.0,4.2375,1
2019,11,14,-2.2,347.0,8.875,2
2019,11,15,-0.9,375.0,10.016666666666666,2
2019,11,16,-4.0,410.0,8.062499999999998,6
2019,11,17,-2.6,457.0,4.741666666666667,4
2019,11,18,-0.6,369.0,6.720833333333334,0
2019,11,19,-1.2,356.0,6.5666666666666655,2
2019,11,20,-2.6,363.0,10.795833333333334,1
2019,11,21,-3.5,594.0,7.575,10
2019,11,22,-2.3,597.0,3.3249999999999997,13
2019,11,23,-4.0,527.0,3.720833333333333,10
2019,11,24,-2.2,524.0,3.379166666666667,11
2019,11,25,-2.1,451.0,3.4625,4
2019,11,26,-1.6,446.0,3.7624999999999993,2
2019,11,27,-3.0,410.0,5.3,4
2019,11,28,-2.5,376.0,10.633333333333333,3
2019,11,29,-4.1,373.0,7.216666666666666,4
2019,11,30,-2.2,401.0,10.466666666666667,3
2019,12,1,-2.5,385.0,9.604166666666666,3
2019,12,2,-2.5,349.0,9.1,1
2019,12,3,-1.8,327.0,9.312500000000002,1
2019,12,4,-4.4,319.0,15.120833333333335,3
2019,12,5,-2.1,348.0,11.416666666666664,1
2019,12,6,-1.7,390.0,5.670833333333333,2
2019,12,7,-2.4,375.0,3.820833333333333,2
2019,12,8,-3.2,374.0,5.3,2
2019,12,9,-3.5,362.0,7.3041666666666645,4
2019,12,10,-2.6,448.0,7.258333333333333,4
2019,12,11,-2.0,450.0,5.0375000000000005,5
2019,12,12,-2.7,422.0,3.9541666666666675,3
2019,12,13,-1.1,394.0,4.745833333333334,3
2019,12,14,-1.8,397.0,6.3625,2
2019,12,15,-3.0,401.0,4.820833333333334,4
2019,12,16,-2.0,413.0,3.091666666666667,2
2019,12,17,-1.1,371.0,7.7749999999999995,1
2019,12,18,-4.8,540.0,9.3875,12
2019,12,19,-3.0,529.0,4.7875000000000005,11
2019,12,20,-1.9,490.0,4.2625,5
2019,12,21,-3.1,423.0,4.733333333333333,4
2019,12,22,-2.1,356.0,4.7124999999999995,3
2019,12,23,-4.4,373.0,4.845833333333332,3
2019,12,24,-1.6,347.0,5.704166666666667,1
2019,12,25,-3.3,346.0,10.745833333333332,3
2019,12,26,-2.9,408.0,8.52083333333333,4
2019,12,27,-2.8,378.0,5.891666666666666,2
2019,12,28,-1.4,362.0,6.445833333333333,1
2019,12,29,-2.8,321.0,9.0625,1
2019,12,30,-1.1,307.0,13.316666666666668,2
2019,12,31,-3.9,317.0,13.745833333333332,3
2020,1,1,-3.3,339.0,9.183333333333334,2
2020,1,2,-2.2,378.0,8.004166666666666,2
2020,1,3,-6.8,392.0,10.304166666666667,5
2020,1,4,-4.2,401.0,4.029166666666667,5
2020,1,5,-3.1,518.0,9.062499999999998,8
2020,1,6,-2.8,534.0,3.6166666666666667,8
2020,1,7,-1.9,467.0,5.029166666666667,4
2020,1,8,-5.4,421.0,4.124999999999999,6
2020,1,9,-5.6,542.0,5.429166666666667,11
2020,1,10,-3.4,547.0,3.6041666666666674,6
2020,1,11,-1.2,467.0,3.5916666666666672,5
2020,1,12,-1.9,431.0,3.4583333333333326,2
2020,1,13,-1.7,386.0,5.608333333333333,2
2020,1,14,-2.1,354.0,6.291666666666667,2
2020,1,15,-3.4,332.0,11.283333333333331,3
2020,1,16,-2.0,383.0,8.945833333333333,4
2020,1,17,-2.7,334.0,9.7875,2
2020,1,18,-2.9,341.0,9.775,2
2020,1,19,-1.9,345.0,6.550000000000001,1
2020,1,20,-1.8,313.0,5.625,0
2020,1,21,-6.7,347.0,12.600000000000001,5
2020,1,22,-4.8,359.0,7.987500000000002,6
2020,1,23,-4.8,359.0,7.029166666666668,4
2020,1,24,-2.2,327.0,8.079166666666667,2
2020,1,25,-2.8,314.0,10.579166666666666,2
2020,1,26,-2.8,318.0,11.574999999999998,3
2020,1,27,-2.6,322.0,6.904166666666666,2
2020,1,28,-6.3,361.0,11.387500000000001,4
2020,1,29,-5.5,456.0,5.520833333333333,8
2020,1,30,-5.5,451.0,5.141666666666667,12
2020,1,31,-4.2,517.0,2.620833333333333,7
2020,2,1,-2.5,473.0,3.6583333333333337,5
2020,2,2,-3.9,454.0,4.029166666666667,5
2020,2,3,-3.1,386.0,5.604166666666667,4
2020,2,4,-3.2,370.0,7.862499999999998,6
2020,2,5,-3.6,368.0,3.837499999999999,4
2020,2,6,-8.3,571.0,8.362499999999999,15
2020,2,7,-3.6,639.0,2.9458333333333333,13
2020,2,8,-2.0,544.0,2.3000000000000007,6
2020,2,9,-3.1,441.0,3.9458333333333346,6
2020,2,10,-2.4,419.0,5.695833333333334,4
2020,2,11,-1.7,428.0,7.4125000000000005,5
2020,2,12,-2.2,409.0,7.495833333333333,4
2020,2,13,-1.6,376.0,5.425,2
2020,2,14,-2.5,351.0,9.104166666666666,2
2020,2,15,-4.2,367.0,8.783333333333333,4
2020,2,16,-2.9,362.0,5.824999999999999,2
2020,2,17,-6.1,364.0,7.774999999999998,7
2020,2,18,-8.4,395.0,9.545833333333334,13
2020,2,19,-7.5,498.0,5.458333333333335,12
2020,2,20,-4.4,429.0,5.850000000000001,7
2020,2,21,-5.7,492.0,5.5125,13
2020,2,22,-2.4,503.0,3.079166666666666,8
2020,2,23,-3.6,450.0,3.0624999999999996,4
2020,2,24,-2.2,429.0,2.8625000000000003,4
2020,2,25,-1.9,402.0,2.4041666666666663,2
2020,2,26,-3.0,353.0,7.495833333333333,3
2020,2,27,-2.7,364.0,5.1333333333333355,3
2020,2,28,-2.7,447.0,7.5874999999999995,6
2020,2,29,-3.0,556.0,5.558333333333334,10
2020,3,1,-2.1,515.0,2.7624999999999997,6
2020,3,2,-1.6,459.0,5.229166666666667,4
2020,3,3,-3.4,434.0,4.345833333333333,5
2020,3,4,-4.4,405.0,5.324999999999999,6
2020,3,5,-0.3,378.0,11.866666666666667,3
2020,3,6,-3.1,379.0,9.120833333333332,4
2020,3,7,-4.0,385.0,6.383333333333333,4
2020,3,8,-2.8,380.0,6.675,5
2020,3,9,-2.8,365.0,11.3125,5
2020,3,10,-2.9,354.0,9.979166666666666,3
2020,3,11,-1.6,322.0,10.970833333333331,2
2020,3,12,-5.3,357.0,10.737499999999997,6
2020,3,13,-4.5,442.0,4.266666666666668,7
2020,3,14,-2.1,408.0,2.9499999999999997,2
2020,3,15,-2.7,381.0,6.245833333333333,4
2020,3,16,-3.1,367.0,11.333333333333334,4
2020,3,17,-5.4,437.0,5.708333333333335,5
2020,3,18,-3.2,424.0,5.333333333333335,6
2020,3,19,-5.3,506.0,4.5249999999999995,10
2020,3,20,-3.7,486.0,3.9666666666666663,6
2020,3,21,-3.9,532.0,3.6374999999999997,8
2020,3,22,-2.2,473.0,4.470833333333332,6
2020,3,23,-3.6,514.0,4.541666666666667,11
2020,3,24,-3.2,473.0,3.233333333333334,4
2020,3,25,-3.4,414.0,3.979166666666666,3
2020,3,26,-2.4,425.0,4.9624999999999995,5
2020,3,27,-2.2,413.0,4.4625,5
2020,3,28,-3.4,396.0,5.970833333333334,4
2020,3,29,-3.2,424.0,5.041666666666667,7
2020,3,30,-5.3,509.0,5.266666666666667,11
2020,3,31,-5.5,531.0,4.408333333333333,14
2020,4,1,-2.8,504.0,3.233333333333334,5
2020,4,2,-4.0,424.0,3.8375,6
2020,4,3,-3.4,438.0,4.4375,8
2020,4,4,-3.0,435.0,4.1625,4
2020,4,5,-2.1,447.0,4.5874999999999995,4
2020,4,6,-1.2,377.0,3.9375,2
2020,4,7,-4.0,349.0,6.208333333333333,2
2020,4,8,-5.8,484.0,11.087499999999999,13
2020,4,9,-3.0,476.0,3.0041666666666664,4
2020,4,10,-2.9,385.0,4.833333333333335,4
2020,4,11,-5.7,419.0,6.833333333333333,7
2020,4,12,-4.0,448.0,5.7124999999999995,6
2020,4,13,-1.9,409.0,5.045833333333333,4
2020,4,14,-3.3,417.0,7.670833333333332,7
2020,4,15,-2.6,432.0,4.2250000000000005,7
2020,4,16,-3.1,415.0,3.1916666666666664,4
2020,4,17,-3.2,332.0,7.145833333333335,3
2020,4,18,-4.6,334.0,5.737500000000001,3
2020,4,19,-2.6,324.0,4.616666666666667,1
2020,4,20,-14.4,371.0,11.604166666666666,16
2020,4,21,-5.8,460.0,10.695833333333333,8
2020,4,22,-3.4,490.0,2.6041666666666665,7
2020,4,23,-2.1,428.0,4.3875,3
2020,4,24,-3.6,398.0,6.754166666666669,6
2020,4,25,-3.5,425.0,4.3999999999999995,4
2020,4,26,-4.3,413.0,5.625000000000001,6
2020,4,27,-3.4,429.0,3.787500000000001,6
2020,4,28,-3.8,417.0,4.745833333333333,5
2020,4,29,-1.9,375.0,3.8304347826086955,2
2020,4,30,-1.8,316.0,4.866666666666666,1
2020,5,1,-5.9,326.0,10.479166666666666,4
2020,5,2,-3.9,340.0,5.545833333333334,4
2020,5,3,-2.4,335.0,11.104166666666664,4
2020,5,4,-4.0,334.0,7.875,5
2020,5,5,-4.4,335.0,6.983333333333334,5
2020,5,6,-5.9,334.0,4.3,5
2020,5,7,-4.0,337.0,6.995833333333334,3
2020,5,8,-3.3,347.0,8.324999999999998,3
2020,5,9,-0.6,329.0,5.449999999999999,1
2020,5,10,-4.8,326.0,10.370833333333334,3
2020,5,11,-4.1,348.0,5.983333333333333,4
2020,5,12,-2.5,323.0,10.733333333333333,3
2020,5,13,-3.2,323.0,11.691666666666665,3
2020,5,14,-1.5,306.0,12.775,2
2020,5,15,-2.0,317.0,8.754166666666668,2
2020,5,16,-1.5,321.0,4.904166666666667,3
2020,5,17,-2.0,315.0,8.991666666666667,2
2020,5,18,-1.8,340.0,9.279166666666665,3
2020,5,19,-4.4,385.0,7.608333333333334,4
2020,5,20,-1.0,398.0,3.079166666666667,2
2020,5,21,-3.2,355.0,7.8666666666666645,5
2020,5,22,-4.8,356.0,9.633333333333335,5
2020,5,23,-2.4,361.0,4.954166666666667,3
2020,5,24,-5.2,344.0,8.7125,4
2020,5,25,-4.7,340.0,10.404166666666667,5
2020,5,26,-3.0,327.0,7.608333333333333,3
2020,5,27,-1.8,334.0,8.8875,3
2020,5,28,-3.3,306.0,6.483333333333332,2
2020,5,29,-1.5,315.0,9.170833333333334,3
2020,5,30,-11.3,410.0,13.14583333333333,15
2020,5,31,-1.6,400.0,4.0583333333333345,3
2020,6,1,-6.5,395.0,5.691666666666667,5
2020,6,2,-6.6,362.0,9.354166666666668,6
2020,6,3,-3.0,345.0,4.854166666666667,3
2020,6,4,-4.3,348.0,7.104166666666667,4
2020,6,5,-1.8,338.0,6.558333333333334,3
2020,6,6,-2.5,323.0,9.5625,2
2020,6,7,-6.7,460.0,15.091666666666669,7
2020,6,8,-1.9,477.0,2.8958333333333326,4
2020,6,9,-3.0,464.0,3.75,4
2020,6,10,-4.5,482.0,2.8791666666666664,6
2020,6,11,-2.3,457.0,1.5458333333333334,3
2020,6,12,-2.0,388.0,3.462499999999999,3
2020,6,13,-2.3,338.0,4.3500000000000005,2
2020,6,14,-1.6,315.0,7.904166666666666,2
2020,6,15,-3.4,331.0,6.8125,3
2020,6,16,-3.1,329.0,5.2,5
2020,6,17,-5.0,327.0,9.979166666666664,3
2020,6,18,-4.8,312.0,10.583333333333332,4
2020,6,19,-3.7,327.0,9.025,4
2020,6,20,-5.8,355.0,13.983333333333334,5
2020,6,21,-1.8,330.0,6.104166666666667,3
2020,6,22,-2.5,311.0,5.587500000000001,2
2020,6,23,-3.8,299.0,9.600000000000001,3
2020,6,24,-2.8,340.0,7.929166666666666,3
2020,6,25,-1.4,356.0,6.978260869565219,3
2020,6,26,-6.9,347.0,7.386956521739131,5
2020,6,27,-3.9,422.0,10.275,6
2020,6,28,-2.4,381.0,2.7458333333333336,3
2020,6,29,-2.4,354.0,4.029166666666667,2
2020,6,30,-4.9,373.0,7.133333333333334,4
2020,7,1,-4.3,353.0,7.908333333333335,4
2020,7,2,-1.2,343.0,9.420833333333334,3
2020,7,3,-2.3,327.0,9.025,3
2020,7,4,-4.5,449.0,9.991666666666669,7
2020,7,5,-3.9,514.0,4.3375,10
2020,7,6,-1.3,516.0,2.8541666666666665,4
2020,7,7,-1.9,482.0,3.0875,3
2020,7,8,-0.8,392.0,4.170833333333333,2
2020,7,9,-2.5,353.0,7.366666666666666,3
2020,7,10,-2.5,351.0,5.516666666666667,2
2020,7,11,-1.8,338.0,3.9416666666666664,2
2020,7,12,-1.4,315.0,10.870833333333335,2
2020,7,13,-7.3,389.0,16.891666666666666,6
2020,7,14,-8.5,385.0,6.887499999999999,10
2020,7,15,-4.7,395.0,4.3625,4
2020,7,16,-2.5,426.0,4.570833333333333,3
2020,7,17,-2.5,422.0,4.083333333333333,4
2020,7,18,-2.1,420.0,4.179166666666666,3
2020,7,19,-2.7,350.0,8.166666666666666,3
2020,7,20,-1.2,360.0,5.158333333333333,3
2020,7,21,-2.2,354.0,4.666666666666666,4
2020,7,22,-3.9,319.0,8.166666666666666,3
2020,7,23,-1.8,320.0,9.68333333333333,2
2020,7,24,-8.1,375.0,10.579166666666664,12
2020,7,25,-7.6,401.0,11.070833333333333,12
2020,7,26,-0.9,415.0,3.9874999999999994,3
2020,7,27,-2.4,411.0,4.1125,3
2020,7,28,-2.4,406.0,4.750000000000001,4
2020,7,29,-3.7,368.0,7.841666666666668,4
2020,7,30,-1.6,351.0,8.187500000000002,3
2020,7,31,-2.9,382.0,7.145833333333332,4
2020,8,1,-2.3,352.0,6.666666666666667,3
2020,8,2,-7.8,517.0,8.979166666666668,10
2020,8,3,-4.6,670.0,4.125,15
2020,8,4,-1.7,701.0,2.091666666666667,7
2020,8,5,-2.0,593.0,2.1333333333333333,5
2020,8,6,-2.4,495.0,1.9874999999999996,4
2020,8,7,-1.6,448.0,1.958333333333333,3
2020,8,8,-3.0,415.0,2.1625,4
2020,8,9,-1.7,378.0,2.433333333333333,2
2020,8,10,-1.9,357.0,3.1583333333333328,2
2020,8,11,-2.6,314.0,5.491666666666666,2
2020,8,12,-2.7,313.0,9.733333333333333,3
2020,8,13,-2.3,298.0,7.808333333333334,3
2020,8,14,-3.3,314.0,7.020833333333333,3
2020,8,15,-3.2,310.0,8.183333333333334,2
2020,8,16,-2.7,324.0,9.9875,3
2020,8,17,-2.1,334.0,10.104166666666664,3
2020,8,18,-5.4,337.0,10.595833333333333,6
2020,8,19,-3.6,357.0,6.287499999999999,5
2020,8,20,-1.0,322.0,10.691666666666668,2
2020,8,21,-4.2,324.0,9.945833333333333,3
2020,8,22,-4.7,357.0,10.608333333333334,6
2020,8,23,-3.8,402.0,8.516666666666667,7
2020,8,24,-0.6,403.0,5.158333333333334,2
2020,8,25,-1.2,373.0,11.829166666666666,3
2020,8,26,-3.9,478.0,4.741666666666667,6
2020,8,27,-5.0,438.0,4.208333333333333,7
2020,8,28,-5.3,491.0,5.4624999999999995,10
2020,8,29,-3.9,511.0,3.6041666666666665,12
2020,8,30,-5.3,506.0,2.7541666666666664,8
2020,8,31,-4.9,615.0,4.282608695652174,24
2020,9,1,-3.5,636.0,2.6041666666666665,18
2020,9,2,-3.6,533.0,3.324999999999999,9
2020,9,3,-1.3,466.0,2.9458333333333333,3
2020,9,4,-4.4,432.0,3.441666666666667,7
2020,9,5,-2.5,421.0,4.0375,5
2020,9,6,-1.3,419.0,2.9041666666666672,4
2020,9,7,-2.9,388.0,4.966666666666666,3
2020,9,8,-3.1,334.0,7.400000000000001,3
2020,9,9,-0.8,316.0,6.874999999999999,1
2020,9,10,-2.5,304.0,7.079166666666667,2
2020,9,11,-2.6,316.0,11.679166666666669,2
2020,9,12,-4.1,341.0,9.629166666666668,4
2020,9,13,-3.4,340.0,11.066666666666668,6
2020,9,14,-6.7,430.0,9.383333333333335,11
2020,9,15,-3.6,394.0,4.795833333333333,5
2020,9,16,-1.5,354.0,6.375,2
2020,9,17,-4.3,337.0,8.158333333333333,2
2020,9,18,-1.6,321.0,12.370833333333335,3
2020,9,19,-2.7,320.0,5.349999999999999,2
2020,9,20,-3.1,302.0,7.608333333333333,3
2020,9,21,-2.2,320.0,12.862499999999999,2
2020,9,22,-4.1,335.0,8.820833333333333,5
2020,9,23,-5.8,406.0,9.874999999999998,10
2020,9,24,-8.3,525.0,5.000000000000001,20
2020,9,25,-6.1,532.0,3.358333333333334,17
2020,9,26,-4.0,599.0,4.170833333333334,24
2020,9,27,-5.3,635.0,3.108333333333333,20
2020,9,28,-3.7,657.0,3.3083333333333322,32
2020,9,29,-2.3,669.0,2.1999999999999997,16
2020,9,30,-2.2,659.0,2.241666666666666,16
2020,10,1,-3.3,597.0,2.1208333333333336,10
2020,10,2,-2.6,527.0,2.2166666666666663,8
2020,10,3,-2.0,473.0,2.154166666666667,4
2020,10,4,-2.5,387.0,2.733333333333334,4
2020,10,5,-8.6,366.0,7.254166666666666,10
2020,10,6,-1.8,362.0,15.245833333333335,6
2020,10,7,-2.1,394.0,15.429166666666667,4
2020,10,8,-1.2,396.0,4.4875,2
2020,10,9,-0.8,332.0,5.925,0
2020,10,10,-2.3,303.0,7.945833333333334,1
2020,10,11,-1.7,303.0,14.10833333333334,2
2020,10,12,-3.6,300.0,13.47916666666667,2
2020,10,13,0.2,309.0,14.4,2
2020,10,14,-0.3,308.0,8.625,0
2020,10,15,-2.0,301.0,9.895833333333334,1
2020,10,16,-2.4,309.0,11.037500000000001,4
2020,10,17,-4.1,328.0,12.158333333333331,4
2020,10,18,-2.5,336.0,7.354166666666665,2
2020,10,19,-4.1,419.0,8.829166666666667,6
2020,10,20,-2.6,410.0,3.358333333333334,4
2020,10,21,-5.5,392.0,8.975000000000001,8
2020,10,22,-3.0,364.0,7.683333333333333,5
2020,10,23,-4.8,534.0,8.808333333333335,14
2020,10,24,-4.2,577.0,2.670833333333334,17
2020,10,25,-4.1,584.0,3.4374999999999996,14
2020,10,26,-3.7,619.0,2.704166666666667,14
2020,10,27,-3.2,581.0,1.7458333333333333,8
2020,10,28,-3.7,524.0,2.4708333333333328,10
2020,10,29,-4.3,511.0,3.6124999999999994,12
2020,10,30,-2.4,424.0,3.933333333333333,4
2020,10,31,-4.7,414.0,8.841666666666665,5
2020,11,1,-5.5,397.0,5.079166666666666,8
2020,11,2,-1.7,361.0,3.8000000000000003,2
2020,11,3,-1.6,351.0,2.120833333333333,2
2020,11,4,-2.0,325.0,4.7749999999999995,2
2020,11,5,-1.7,353.0,11.229166666666666,3
2020,11,6,-1.7,502.0,5.374999999999999,7
2020,11,7,-1.6,494.0,3.1583333333333328,7
2020,11,8,-2.4,481.0,3.3041666666666667,4
2020,11,9,-1.2,429.0,2.643478260869565,0
2020,11,10,0.6,351.0,4.316666666666667,0
2020,11,11,-2.7,347.0,10.433333333333334,3
2020,11,12,-3.3,391.0,7.641666666666666,3
2020,11,13,-2.8,415.0,3.595833333333333,3
2020,11,14,-3.3,353.0,4.829166666666666,2
2020,11,15,-2.7,314.0,5.8125,2
2020,11,16,-1.9,306.0,7.333333333333333,0
2020,11,17,-4.3,313.0,10.025,1
2020,11,18,-2.9,300.0,10.4625,3
2020,11,19,-4.2,339.0,10.445833333333335,2
2020,11,20,-6.1,384.0,7.408333333333331,7
2020,11,21,-5.7,450.0,7.008333333333333,10
2020,11,22,-5.2,635.0,4.762500000000001,24
2020,11,23,-2.2,604.0,1.8583333333333327,7
2020,11,24,-0.8,484.0,2.075,3
2020,11,25,-4.4,418.0,5.358333333333333,6
2020,11,26,-1.6,454.0,6.004166666666667,6
2020,11,27,-4.3,443.0,7.1000000000000005,6
2020,11,28,-3.6,453.0,4.179166666666668,9
2020,11,29,-3.8,403.0,6.1958333333333355,3
2020,11,30,-5.3,503.0,4.379166666666667,7
2020,12,1,-2.5,440.0,1.0875,1
2020,12,2,-2.8,427.0,3.0333333333333337,3
2020,12,3,-3.3,414.0,3.233333333333333,2
2020,12,4,-0.5,364.0,1.0041666666666669,0
2020,12,5,-2.1,401.0,3.441666666666666,4
2020,12,6,-3.7,378.0,7.166666666666667,6
2020,12,7,-2.5,383.0,2.7874999999999996,1
2020,12,8,-4.1,366.0,5.716666666666666,4
2020,12,9,-5.5,436.0,8.600000000000001,7
2020,12,10,-1.0,566.0,6.466666666666665,7
2020,12,11,-2.7,504.0,2.983333333333334,6
2020,12,12,-2.7,453.0,4.433333333333333,4
2020,12,13,-2.9,397.0,4.791666666666667,4
2020,12,14,-2.0,364.0,5.699999999999999,3
2020,12,15,-2.5,343.0,6.479166666666667,2
2020,12,16,-2.5,290.0,12.045833333333333,2
2020,12,17,-2.1,288.0,10.483333333333336,1
2020,12,18,-3.8,294.0,12.320833333333333,2
2020,12,19,-3.4,370.0,14.545833333333333,5
2020,12,20,-3.5,387.0,4.15,4
2020,12,21,-6.8,407.0,11.595833333333331,12
2020,12,22,-2.3,570.0,5.420833333333334,13
2020,12,23,-2.4,634.0,3.258333333333333,11
2020,12,24,-2.6,580.0,2.8416666666666663,8
2020,12,25,-2.3,523.0,3.4541666666666675,4
2020,12,26,-1.4,435.0,4.312499999999999,4
2020,12,27,-2.8,498.0,5.058333333333333,5
2020,12,28,-2.9,553.0,3.8208333333333324,6
2020,12,29,-2.0,505.0,4.254166666666667,6
2020,12,30,-4.2,509.0,3.625,8
2020,12,31,-2.3,451.0,3.2750000000000004,3
2021,1,1,-2.9,366.0,4.7250000000000005,2
2021,1,2,-1.5,345.0,5.379166666666666,0
2021,1,3,-1.1,324.0,7.704166666666666,1
2021,1,4,-3.1,311.0,9.237499999999999,2
2021,1,5,-2.4,453.0,13.337499999999999,10
2021,1,6,-3.4,610.0,5.470833333333332,10
2021,1,7,-2.4,492.0,3.1458333333333335,4
2021,1,8,-1.6,411.0,3.9500000000000006,2
2021,1,9,-1.8,339.0,5.3625,2
2021,1,10,-3.6,318.0,9.544444444444444,3
2021,1,11,-9.2,467.0,18.24166666666667,12
2021,1,12,-3.5,482.0,4.979166666666667,9
2021,1,13,-2.5,429.0,4.227777777777778,3
2021,1,14,-0.6,375.0,8.266666666666666,1
2021,1,15,-3.3,314.0,10.533333333333333,2
2021,1,16,-2.9,332.0,8.908333333333335,3
2021,1,17,-3.2,306.0,10.033333333333333,1
2021,1,18,-4.3,300.0,13.966666666666663,3
2021,1,19,-4.8,332.0,12.14583333333333,5
2021,1,20,-4.4,351.0,11.5625,5
2021,1,21,-1.4,337.0,10.137500000000001,1
2021,1,22,-2.0,342.0,10.483333333333333,2
2021,1,23,-5.9,381.0,12.25,3
2021,1,24,-5.1,391.0,8.887500000000001,5
2021,1,25,-7.2,541.0,7.008333333333333,15
2021,1,26,-3.5,624.0,2.5375,11
2021,1,27,-2.9,562.0,2.520833333333333,10
2021,1,28,-2.8,532.0,2.233333333333334,3
2021,1,29,-1.7,402.0,4.0625,2
2021,1,30,-2.3,342.0,5.291666666666666,1
2021,1,31,-1.1,332.0,10.316666666666666,1
2021,2,1,-3.7,345.0,13.227272727272727,4
2021,2,2,-7.4,540.0,11.008333333333331,16
2021,2,3,-5.5,597.0,4.4625,12
2021,2,4,-2.8,514.0,3.458333333333334,7
2021,2,5,-2.5,445.0,2.9749999999999996,5
2021,2,6,-4.5,466.0,7.766666666666668,7
2021,2,7,-5.3,545.0,5.708333333333333,18
2021,2,8,-4.1,542.0,5.341666666666668,6
2021,2,9,-1.3,477.0,3.0124999999999997,3
2021,2,10,-1.8,433.0,2.8458333333333328,2
2021,2,11,-4.2,346.0,8.187500000000002,2
2021,2,12,-4.6,350.0,9.595833333333335,5
2021,2,13,-5.3,524.0,8.016666666666666,12
2021,2,14,-2.7,453.0,3.458333333333334,4
2021,2,15,-5.4,347.0,7.875,4
2021,2,16,-7.2,431.0,11.733333333333333,12
2021,2,17,-3.5,435.0,4.4750000000000005,7
2021,2,18,-3.3,390.0,4.574999999999999,4
2021,2,19,-8.2,509.0,9.383333333333335,15
2021,2,20,-4.9,590.0,6.604166666666665,21
2021,2,21,-4.0,603.0,3.2583333333333333,20
2021,2,22,-4.2,588.0,2.9416666666666664,17
2021,2,23,-2.8,597.0,4.441666666666666,12
2021,2,24,-6.0,504.0,5.741666666666666,19
2021,2,25,-4.1,484.0,5.304166666666666,14
2021,2,26,-3.9,462.0,7.020833333333335,9
2021,2,27,-1.9,456.0,6.304166666666666,4
2021,2,28,-4.0,380.0,7.266666666666666,5
2021,3,1,-11.0,500.0,9.966666666666667,25
2021,3,2,-3.9,655.0,8.191666666666666,20
2021,3,3,-3.7,690.0,3.4375,19
2021,3,4,-2.3,584.0,2.9249999999999994,9
2021,3,5,-1.9,448.0,6.4125000000000005,5
2021,3,6,-2.8,581.0,9.408333333333331,15
2021,3,7,-3.2,556.0,2.1875000000000004,8
2021,3,8,-2.6,522.0,2.1249999999999996,5
2021,3,9,-1.6,532.0,2.395833333333333,3
2021,3,10,-0.2,396.0,3.4791666666666665,1
2021,3,11,-0.5,392.0,3.9583333333333335,3
2021,3,12,-7.7,370.0,10.304166666666665,11
2021,3,13,-6.9,565.0,13.4625,16
2021,3,14,-5.0,580.0,4.166666666666666,23
2021,3,15,-1.2,556.0,3.0416666666666665,7
2021,3,16,-2.0,424.0,3.4,2
2021,3,17,-4.2,383.0,7.229166666666667,4
2021,3,18,-3.2,339.0,9.220833333333331,4
2021,3,19,-4.0,329.0,11.637500000000001,5
2021,3,20,-3.7,653.0,13.645833333333336,27
2021,3,21,-4.6,670.0,2.6375,22
2021,3,22,-2.1,662.0,1.8666666666666665,7
2021,3,23,-2.7,538.0,3.1125000000000003,10
2021,3,24,-4.9,457.0,7.266666666666667,9
2021,3,25,-4.4,462.0,8.591666666666667,17
2021,3,26,-4.7,469.0,3.7750000000000004,10
2021,3,27,-4.0,414.0,5.854166666666667,7
2021,3,28,-2.4,442.0,4.241666666666668,5
2021,3,29,-2.6,356.0,5.416666666666667,3
2021,3,30,-3.2,383.0,7.141666666666669,3
2021,3,31,-5.6,389.0,8.320833333333333,9
2021,4,1,-4.2,412.0,6.441666666666666,7
2021,4,2,-6.0,392.0,6.862500000000001,5
2021,4,3,-3.0,389.0,4.358333333333334,4
2021,4,4,-1.6,322.0,5.537499999999999,3
2021,4,5,-5.9,337.0,12.637500000000001,4
2021,4,6,-3.1,335.0,10.095833333333333,2
2021,4,7,-3.2,487.0,6.471428571428572,15
2021,4,8,-1.3,484.0,3.170833333333334,4
2021,4,9,-1.5,407.0,4.066666666666666,2
2021,4,10,-3.8,377.0,3.870833333333334,4
2021,4,11,-3.3,361.0,7.1875,6
2021,4,12,-2.4,379.0,7.3666666666666645,4
2021,4,13,-3.6,373.0,7.699999999999998,5
2021,4,14,-2.4,451.0,6.829166666666667,6
2021,4,15,-7.0,400.0,10.875000000000002,12
2021,4,16,-10.7,474.0,7.508333333333332,19
2021,4,17,-5.1,636.0,4.55,28
2021,4,18,-3.8,668.0,3.5333333333333337,17
2021,4,19,-3.5,654.0,3.5291666666666672,17
2021,4,20,-3.1,654.0,2.8833333333333333,12
2021,4,21,-2.5,570.0,2.2166666666666663,6
2021,4,22,-2.5,464.0,4.183333333333333,4
2021,4,23,-7.7,443.0,8.104166666666666,13
2021,4,24,-5.4,489.0,3.904166666666667,8
2021,4,25,-6.6,502.0,3.5499999999999994,18
2021,4,26,-6.7,489.0,3.2916666666666665,12
2021,4,27,-3.7,482.0,1.8416666666666668,6
2021,4,28,-1.7,424.0,3.2958333333333325,2
2021,4,29,-3.7,349.0,7.51304347826087,4
2021,4,30,-5.0,351.0,12.158333333333331,5
2021,5,1,-3.9,376.0,10.062499999999998,4
2021,5,2,-6.2,373.0,11.566666666666668,8
2021,5,3,-0.5,461.0,6.333333333333332,5
2021,5,4,-1.5,475.0,4.2875,3
2021,5,5,-0.7,411.0,4.025,1
2021,5,6,-3.0,348.0,5.8500000000000005,3
2021,5,7,-1.7,318.0,5.645833333333333,2
2021,5,8,-2.9,341.0,4.029166666666667,3
2021,5,9,-2.1,346.0,7.899999999999999,3
2021,5,10,-3.9,364.0,10.179166666666665,6
2021,5,11,-1.1,353.0,6.8,2
2021,5,12,-18.3,502.0,9.879166666666665,42
2021,5,13,-6.1,511.0,3.0499999999999994,6
2021,5,14,-3.5,413.0,5.0875,3
2021,5,15,-4.3,449.0,5.270833333333333,7
2021,5,16,-4.1,416.0,4.033333333333333,4
2021,5,17,-5.4,392.0,5.570833333333333,5
2021,5,18,-7.1,396.0,9.258333333333333,9
2021,5,19,-3.4,378.0,10.399999999999999,5
2021,5,20,-10.0,577.0,10.683333333333332,24
2021,5,21,-2.7,575.0,2.233333333333334,5
2021,5,22,-1.5,479.0,2.525,4
2021,5,23,-2.7,431.0,2.0791666666666666,3
2021,5,24,-2.3,385.0,2.9583333333333335,2
2021,5,25,-2.4,332.0,6.7,2
2021,5,26,-6.4,403.0,15.508333333333331,12
2021,5,27,-7.2,421.0,9.541666666666664,14
2021,5,28,0.5,433.0,2.083333333333333,2
2021,5,29,-3.8,460.0,3.125,5
2021,5,30,-2.9,482.0,4.062500000000001,5
2021,5,31,-1.2,408.0,3.7458333333333336,2
2021,6,1,-1.4,334.0,4.2124999999999995,1
2021,6,2,-2.7,327.0,15.316666666666665,4
2021,6,3,-3.2,318.0,19.137500000000006,5
2021,6,4,-2.3,437.0,5.220833333333333,4
2021,6,5,-1.9,399.0,5.999999999999999,4
2021,6,6,-2.5,345.0,5.7749999999999995,3
2021,6,7,-5.0,491.0,11.387500000000003,11
2021,6,8,-1.5,520.0,2.3916666666666666,4
2021,6,9,-1.9,421.0,4.058333333333333,3
2021,6,10,-2.1,365.0,5.920833333333333,4
2021,6,11,-7.4,361.0,6.908333333333332,8
2021,6,12,-7.5,473.0,9.683333333333334,9
2021,6,13,-4.1,488.0,3.529166666666667,5
2021,6,14,-2.1,433.0,4.187499999999999,4
2021,6,15,-4.1,585.0,13.425000000000002,17
2021,6,16,-2.8,614.0,2.5125,13
2021,6,17,-1.3,571.0,2.445833333333333,5
2021,6,18,-2.8,508.0,2.441666666666667,6
2021,6,19,-1.5,488.0,1.8875000000000002,3
2021,6,20,-2.8,437.0,3.4958333333333336,4
2021,6,21,-2.4,375.0,5.816666666666666,3
2021,6,22,-5.0,386.0,7.283333333333332,5
2021,6,23,-1.0,359.0,4.4750000000000005,3
2021,6,24,-2.1,375.0,6.7875000000000005,4
2021,6,25,-2.0,412.0,5.104761904761904,6
2021,6,26,-2.8,390.0,4.2846153846153845,3
2021,6,27,-0.6,354.0,5.7,3
2021,6,28,-0.8,361.0,4.954166666666667,3
2021,6,29,-4.0,346.0,6.1208333333333345,4
2021,6,30,-8.2,514.0,9.762499999999998,13
2021,7,1,-6.0,515.0,4.279166666666665,5
2021,7,2,-1.7,539.0,2.5000000000000004,4
2021,7,3,-2.0,529.0,1.9916666666666665,3
2021,7,4,-2.3,364.0,4.879166666666667,3
2021,7,5,-6.9,349.0,8.249999999999998,7
2021,7,6,-5.5,387.0,7.204166666666666,6
2021,7,7,-5.7,387.0,8.485,5
2021,7,8,-0.9,326.0,9.14,4
2021,7,9,-2.4,354.0,8.187499999999998,4
2021,7,10,-7.3,446.0,7.0958333333333306,6
2021,7,11,-0.9,430.0,6.425000000000001,3
2021,7,12,-2.8,339.0,15.72727272727273,6
2021,7,13,-2.1,345.0,3.1333333333333333,4
2021,7,14,-10.0,395.0,12.037500000000001,14
2021,7,15,-3.8,506.0,5.683333333333334,8
2021,7,16,-1.5,481.0,3.2541666666666664,4
2021,7,17,-2.2,418.0,5.329166666666666,3
2021,7,18,-2.3,399.0,5.304166666666666,4
2021,7,19,-3.5,441.0,6.133333333333332,7
2021,7,20,-4.3,505.0,3.704166666666667,10
2021,7,21,-3.4,496.0,2.2041666666666666,5
2021,7,22,-6.8,439.0,2.7791666666666663,8
2021,7,23,-1.4,395.0,3.758333333333333,3
2021,7,24,-2.7,365.0,4.916666666666667,3
2021,7,25,-2.0,357.0,4.487499999999999,2
2021,7,26,-2.8,353.0,5.854166666666667,3
2021,7,27,-6.0,338.0,14.066666666666668,4
2021,7,28,-5.3,534.0,12.200000000000001,13
2021,7,29,-2.4,567.0,2.2125,8
2021,7,30,-2.8,488.0,3.9722222222222223,6
2021,7,31,-1.3,430.0,4.279999999999999,6
2021,8,1,-1.8,414.0,3.4791666666666674,3
2021,8,2,-10.9,409.0,11.695833333333333,15
2021,8,3,-4.8,386.0,5.766666666666667,8
2021,8,4,-4.6,344.0,7.270833333333332,4
2021,8,5,-2.1,321.0,6.554166666666667,1
2021,8,6,-8.4,321.0,15.254166666666668,6
2021,8,7,-7.8,463.0,11.604166666666666,10
2021,8,8,-2.7,420.0,7.224999999999999,4
2021,8,9,-1.8,376.0,13.745833333333332,4
2021,8,10,-2.3,443.0,8.195833333333331,6
2021,8,11,-2.6,476.0,3.5458333333333343,5
2021,8,12,-2.5,421.0,4.629166666666666,3
2021,8,13,-3.2,449.0,8.391666666666667,5
2021,8,14,-2.8,399.0,4.8,3
2021,8,15,-6.8,472.0,3.870833333333333,8
2021,8,16,-3.7,476.0,2.066666666666667,7
2021,8,17,-2.2,454.0,3.029166666666667,4
2021,8,18,-3.4,431.0,2.6166666666666667,6
2021,8,19,-5.1,360.0,5.2043478260869565,4
2021,8,20,-7.1,342.0,5.916666666666667,6
2021,8,21,-1.7,358.0,7.1000000000000005,3
2021,8,22,-0.9,333.0,11.375000000000002,2
2021,8,23,-1.1,307.0,11.658333333333333,2
2021,8,24,-3.9,350.0,14.679166666666667,4
2021,8,25,-6.9,395.0,6.2250000000000005,8
2021,8,26,-2.7,399.0,4.225,5
2021,8,27,-14.2,415.0,7.795833333333334,21
2021,8,28,-8.2,377.0,4.0249999999999995,14
2021,8,29,-4.5,412.0,9.2375,8
2021,8,30,-2.5,414.0,7.074999999999999,7
2021,8,31,-2.8,401.0,6.862500000000001,6
2021,9,1,-2.5,366.0,7.258333333333334,4
2021,9,2,-2.8,369.0,6.170833333333333,3
2021,9,3,-5.2,409.0,7.712500000000001,6
2021,9,4,-3.0,427.0,6.2250000000000005,4
2021,9,5,-3.6,370.0,7.970833333333332,6
2021,9,6,-3.8,331.0,8.675,6
2021,9,7,-3.5,378.0,11.229166666666666,8
2021,9,8,-7.4,421.0,9.470833333333333,14
2021,9,9,-2.2,411.0,3.3249999999999997,4
2021,9,10,-5.8,376.0,12.629166666666665,8
2021,9,11,-2.0,362.0,8.562500000000002,6
2021,9,12,-5.1,414.0,7.520833333333333,5
2021,9,13,-2.3,479.0,3.841666666666667,8
2021,9,14,-3.4,465.0,2.6333333333333333,5
2021,9,15,-2.1,437.0,3.4375000000000004,5
2021,9,16,-1.9,361.0,4.0041666666666655,3
2021,9,17,-11.6,405.0,13.008333333333333,23
2021,9,18,-2.4,425.0,11.929166666666672,8
2021,9,19,-1.4,389.0,4.016666666666666,2
2021,9,20,-3.7,325.0,6.1125,3
2021,9,21,-6.8,337.0,16.500000000000004,6
2021,9,22,-5.3,393.0,7.0625,12
2021,9,23,-1.6,395.0,10.97916666666667,9
2021,9,24,-3.6,478.0,4.3374999999999995,7
2021,9,25,-1.5,554.0,2.570833333333334,6
2021,9,26,-1.2,462.0,2.9249999999999994,1
2021,9,27,-3.2,424.0,10.929166666666667,6
2021,9,28,-3.2,510.0,4.008695652173913,9
2021,9,29,-2.0,411.0,7.1000000000000005,4
2021,9,30,-5.0,541.0,11.145833333333336,8
2021,10,1,-5.0,562.0,4.066666666666666,12
2021,10,2,-5.4,461.0,3.716666666666667,7
2021,10,3,-3.3,416.0,3.920833333333333,5
2021,10,4,-2.5,377.0,4.812500000000001,4
2021,10,5,-2.9,327.0,6.295833333333333,4
2021,10,6,-8.5,337.0,19.108333333333334,8
2021,10,7,-4.5,338.0,6.2,3
2021,10,8,-2.5,312.0,7.570833333333334,3
2021,10,9,-3.8,300.0,6.754166666666666,4
2021,10,10,-7.8,333.0,16.041666666666668,11
2021,10,11,-5.7,391.0,7.749999999999999,14
2021,10,12,-9.1,485.0,16.183333333333334,46
2021,10,13,-1.2,456.0,3.295833333333333,5
2021,10,14,-4.2,399.0,8.529166666666667,6
2021,10,15,-2.8,385.0,8.983333333333334,4
2021,10,16,-3.1,410.0,7.5249999999999995,5
2021,10,17,-7.9,382.0,6.041666666666668,10
2021,10,18,-6.1,376.0,15.145833333333336,9
2021,10,19,-4.7,402.0,13.500000000000002,12
2021,10,20,-1.7,468.0,10.720833333333331,5
2021,10,21,-1.7,554.0,3.666666666666666,5
2021,10,22,-0.6,484.0,2.5708333333333333,3
2021,10,23,-1.6,458.0,3.483333333333333,2
2021,10,24,-3.3,366.0,7.262499999999999,4
2021,10,25,-2.1,344.0,9.449999999999998,4
2021,10,26,-3.9,354.0,8.108333333333333,4
2021,10,27,-0.7,385.0,4.541666666666666,2
2021,10,28,-1.3,348.0,8.766666666666667,1
2021,10,29,-3.5,332.0,11.041666666666666,1
2021,10,30,-7.1,364.0,16.829166666666666,8
2021,10,31,-8.4,445.0,8.966666666666667,14
2021,11,1,-3.3,416.0,14.258333333333331,8
2021,11,2,-4.6,625.0,4.074999999999999,17
2021,11,3,-10.7,725.0,2.5083333333333333,19
2021,11,4,-15.0,762.0,5.320833333333334,72
2021,11,5,-0.5,616.0,5.275,11
2021,11,6,-3.1,625.0,6.083333333333335,17
2021,11,7,-0.2,540.0,2.629166666666666,5
2021,11,8,-3.1,441.0,4.979166666666667,4
2021,11,9,-5.0,388.0,6.954166666666667,6
2021,11,10,-3.7,437.0,6.258333333333334,6
2021,11,11,-2.9,407.0,7.037499999999999,3
2021,11,12,-3.1,402.0,4.8999999999999995,2
2021,11,13,-1.3,353.0,5.820833333333334,1
2021,11,14,-2.4,328.0,10.7875,3
2021,11,15,-3.6,423.0,17.550000000000004,8
2021,11,16,-2.2,644.0,4.749999999999999,12
2021,11,17,-1.6,625.0,3.5291666666666672,12
2021,11,18,-1.7,565.0,2.2125000000000004,5
2021,11,19,-1.6,502.0,3.9166666666666665,4
2021,11,20,-1.9,568.0,5.2625,9
2021,11,21,-1.5,687.0,3.8375000000000004,12
2021,11,22,-2.3,637.0,2.1375,8
2021,11,23,-2.9,534.0,3.0124999999999997,9
2021,11,24,-0.6,498.0,3.7458333333333336,4
2021,11,25,-2.6,460.0,3.3458333333333337,4
2021,11,26,-1.5,383.0,6.983333333333334,2
2021,11,27,-3.2,366.0,5.787500000000001,4
2021,11,28,-8.2,402.0,14.208333333333334,9
2021,11,29,-6.8,380.0,7.191666666666667,8
2021,11,30,-8.5,460.0,12.041666666666666,10
2021,12,1,-4.7,542.0,4.304166666666666,18
2021,12,2,-3.8,517.0,2.929166666666667,9
2021,12,3,-4.3,471.0,4.845833333333332,8
2021,12,4,-4.1,527.0,3.4916666666666667,7
2021,12,5,-3.7,473.0,3.120833333333333,7
2021,12,6,-3.2,509.0,3.7374999999999994,6
2021,12,7,-1.8,506.0,3.2375000000000003,4
2021,12,8,-2.7,450.0,3.5333333333333337,4
2021,12,9,-1.6,369.0,4.8374999999999995,1
2021,12,10,-3.1,333.0,12.621052631578948,3
2021,12,11,-2.2,318.0,9.671428571428573,4
2021,12,12,-3.0,319.0,10.329166666666667,2
2021,12,13,-3.9,334.0,15.620833333333332,4
2021,12,14,-3.3,327.0,11.66842105263158,4
2021,12,15,-4.5,558.0,7.181818181818182,9
2021,12,16,-2.1,548.0,4.72608695652174,7
2021,12,17,-0.9,452.0,4.95,3
2021,12,18,-1.9,358.0,7.270833333333332,3
2021,12,19,-12.3,447.0,12.15,14
2021,12,20,-2.9,681.0,4.2124999999999995,13
2021,12,21,-1.9,679.0,1.2857142857142858,9
2021,12,22,-2.9,614.0,1.3565217391304345,10
2021,12,23,-1.7,599.0,1.6250000000000002,4
2021,12,24,-2.8,481.0,2.904166666666667,5
2021,12,25,-4.1,467.0,2.920833333333334,6
2021,12,26,-2.7,403.0,3.9291666666666667,3
2021,12,27,-6.1,417.0,9.7125,10
2021,12,28,-5.6,439.0,2.3249999999999997,7
2021,12,29,-2.7,412.0,5.7894736842105265,6
2021,12,30,-5.6,485.0,6.452173913043478,8
2021,12,31,-3.4,454.0,5.679166666666666,3
2022,1,1,-8.4,574.0,1.9208333333333327,12
2022,1,2,-3.4,582.0,2.091666666666667,9
2022,1,3,-4.5,601.0,3.2291666666666665,12
2022,1,4,-2.5,496.0,2.629166666666666,5
2022,1,5,-2.1,400.0,2.9791666666666665,2
2022,1,6,-1.0,377.0,3.079166666666667,0
2022,1,7,-0.2,326.0,3.266666666666667,0
2022,1,8,-6.9,398.0,18.837500000000002,13
2022,1,9,-2.8,520.0,5.945833333333334,8
2022,1,10,-2.8,456.0,4.408333333333332,6
2022,1,11,-2.8,405.0,5.870833333333333,4
2022,1,12,-2.8,386.0,6.1375,3
2022,1,13,-3.2,381.0,3.6916666666666664,2
2022,1,14,-13.8,423.0,9.4,15
2022,1,15,-4.4,567.0,8.716666666666669,20
2022,1,16,-2.3,620.0,3.8125,16
2022,1,17,-3.9,619.0,3.4625000000000004,9
2022,1,18,-3.6,623.0,1.9791666666666663,17
2022,1,19,-6.1,696.0,3.4499999999999993,23
2022,1,20,-0.5,552.0,2.1458333333333326,4
2022,1,21,-4.4,476.0,3.295833333333334,8
2022,1,22,-4.1,439.0,4.0875,9
2022,1,23,-4.3,405.0,5.804166666666667,7
2022,1,24,-4.2,337.0,14.33333333333333,3
2022,1,25,-7.5,507.0,17.395833333333332,14
2022,1,26,-3.1,504.0,5.200000000000002,10
2022,1,27,-4.0,485.0,6.254166666666666,6
2022,1,28,-5.7,507.0,3.9250000000000003,7
2022,1,29,-4.8,540.0,4.183333333333334,14
2022,1,30,-4.1,532.0,2.4875000000000003,10
2022,1,31,-4.1,489.0,1.8375000000000001,9
2022,2,1,-4.0,473.0,3.8782608695652177,6
2022,2,2,-6.1,476.0,8.991666666666667,10
2022,2,3,-17.9,573.0,5.4125000000000005,26
2022,2,4,-9.3,578.0,5.762500000000002,32
2022,2,5,-4.8,587.0,4.166666666666667,11
2022,2,6,-2.7,598.0,2.1041666666666665,14
2022,2,7,-2.6,511.0,1.558333333333333,6
2022,2,8,-2.9,433.0,3.4291666666666667,4
2022,2,9,-2.0,406.0,3.5749999999999997,2
2022,2,10,-12.7,429.0,7.604166666666668,21
2022,2,11,-8.8,568.0,8.916666666666668,19
2022,2,12,-3.1,576.0,4.504166666666667,13
2022,2,13,-3.3,521.0,3.8249999999999997,14
2022,2,14,-2.7,490.0,3.4916666666666667,7
2022,2,15,-2.8,412.0,3.166666666666666,4
2022,2,16,-5.3,381.0,5.874999999999999,9
2022,2,17,-1.4,382.0,4.883333333333332,4
2022,2,18,-6.8,346.0,11.679166666666669,5
2022,2,19,-5.6,451.0,10.454166666666667,8
2022,2,20,-6.3,524.0,5.733333333333334,13
2022,2,21,-3.8,549.0,3.8958333333333326,11
2022,2,22,-5.0,560.0,3.495833333333334,16
2022,2,23,-3.9,508.0,2.520833333333333,6
2022,2,24,-3.1,513.0,3.470833333333333,6
2022,2,25,-3.1,450.0,3.9416666666666664,8
2022,2,26,-1.0,404.0,5.637499999999999,1
2022,2,27,-8.2,493.0,8.916666666666668,11
2022,2,28,-2.0,508.0,4.5875,6
2022,3,1,-2.0,547.0,2.683333333333333,8
2022,3,2,-1.2,497.0,2.658333333333333,3
2022,3,3,-2.1,416.0,7.875,4
2022,3,4,-4.7,460.0,6.491666666666666,10
2022,3,5,-8.3,580.0,5.8708333333333345,27
2022,3,6,-4.5,572.0,1.6333333333333335,18
2022,3,7,-4.6,510.0,1.8875000000000002,8
2022,3,8,-3.1,489.0,2.829166666666666,5
2022,3,9,-2.9,380.0,3.4291666666666667,5
2022,3,10,-7.2,384.0,8.175,8
2022,3,11,-8.7,405.0,9.5375,20
2022,3,12,-6.2,406.0,4.658333333333333,12
2022,3,13,-20.0,535.0,12.274999999999999,40
2022,3,14,2.8,450.0,7.150000000000001,14
2022,3,15,-4.1,419.0,4.6375,6
2022,3,16,-2.6,424.0,4.720833333333332,5
2022,3,17,-2.6,391.0,4.4375,5
2022,3,18,-3.0,327.0,4.408333333333332,2
2022,3,19,-3.5,325.0,8.954166666666667,4
2022,3,20,-6.0,327.0,11.654166666666669,8
2022,3,21,-2.4,334.0,9.395833333333334,3
2022,3,22,-4.3,363.0,9.666666666666664,8
2022,3,23,-3.4,451.0,8.254166666666665,6
2022,3,24,-3.5,567.0,4.2625,10
2022,3,25,-3.5,481.0,4.029166666666666,8
2022,3,26,-5.5,434.0,7.2875000000000005,6
2022,3,27,-5.8,526.0,7.7250000000000005,15
2022,3,28,-1.7,548.0,3.858333333333334,9
2022,3,29,-2.4,434.0,6.2749999999999995,7
2022,3,30,-3.5,412.0,5.912499999999999,6
2022,3,31,-5.3,595.0,10.791666666666666,26
2022,4,1,-8.1,495.0,2.745833333333333,15
2022,4,2,-5.4,572.0,2.6041666666666665,20
2022,4,3,-3.3,511.0,2.758333333333333,8
2022,4,4,-3.6,498.0,2.8458333333333328,11
2022,4,5,-2.1,441.0,4.179166666666666,6
2022,4,6,-2.9,419.0,4.254166666666667,6
2022,4,7,-6.0,433.0,5.704166666666667,11
2022,4,8,-5.4,386.0,7.3999999999999995,7
2022,4,9,-7.6,420.0,14.529166666666667,17
2022,4,10,-10.5,496.0,6.266666666666667,29
2022,4,11,-2.7,559.0,2.850000000000001,11
2022,4,12,-4.0,507.0,5.1,11
2022,4,13,-4.7,496.0,2.5041666666666664,8
2022,4,14,-9.3,546.0,6.0708333333333355,39
2022,4,15,-7.9,660.0,5.795833333333333,23
2022,4,16,-2.7,675.0,3.595833333333333,7
2022,4,17,-1.1,562.0,4.166666666666667,10
2022,4,18,-2.7,604.0,2.691666666666667,8
2022,4,19,-1.7,537.0,2.5041666666666664,6
2022,4,20,-3.0,446.0,5.982608695652175,8
2022,4,21,-4.7,452.0,9.170833333333333,9
2022,4,22,-2.4,464.0,4.866666666666668,6
2022,4,23,-4.3,480.0,4.1625000000000005,11
2022,4,24,-1.6,493.0,2.5374999999999996,4
2022,4,25,-3.5,456.0,2.6750000000000003,4
2022,4,26,-1.5,407.0,3.495833333333333,2
2022,4,27,-9.8,479.0,6.795833333333334,17
2022,4,28,-5.5,535.0,4.191666666666667,14
2022,4,29,-3.7,524.0,3.1291666666666664,12
2022,4,30,-4.8,507.0,3.666666666666668,15
2022,5,1,-2.9,492.0,2.795833333333334,8
2022,5,2,-2.0,481.0,2.608333333333333,4
2022,5,3,-3.2,438.0,2.9708333333333337,6
2022,5,4,-3.4,394.0,2.945833333333333,5
2022,5,5,-2.1,383.0,2.9375000000000004,3
2022,5,6,-4.1,401.0,1.6125000000000005,3
2022,5,7,-3.8,320.0,1.8125,1
2022,5,8,-3.5,346.0,11.0625,5
2022,5,9,-5.7,320.0,12.137500000000003,6
2022,5,10,-4.0,310.0,7.612499999999998,2
2022,5,11,-9.4,319.0,10.758333333333335,5
2022,5,12,-6.2,351.0,16.704166666666662,8
2022,5,13,-6.8,349.0,7.791666666666665,6
2022,5,14,-3.2,421.0,13.91666666666667,6
2022,5,15,-5.3,601.0,5.562499999999999,10
2022,5,16,-2.1,544.0,4.116666666666668,9
2022,5,17,-2.1,606.0,4.4624999999999995,10
2022,5,18,-1.4,533.0,3.316666666666667,6
2022,5,19,-1.9,532.0,4.691666666666666,8
2022,5,20,-4.2,602.0,2.4291666666666667,11
2022,5,21,-4.2,555.0,2.5708333333333333,10
2022,5,22,-4.9,510.0,2.0333333333333337,10
2022,5,23,-3.1,526.0,1.8624999999999998,4
2022,5,24,-2.3,435.0,2.6916666666666678,3
2022,5,25,-5.3,385.0,5.687499999999999,6
2022,5,26,-0.8,370.0,12.583333333333334,4
2022,5,27,-9.1,465.0,18.425,18
2022,5,28,-5.5,543.0,4.6875,22
2022,5,29,-4.4,637.0,2.025,16
2022,5,30,-2.9,614.0,1.6958333333333335,8
2022,5,31,-3.4,549.0,2.3124999999999996,8
2022,6,1,-2.5,498.0,2.2291666666666665,5
2022,6,2,-3.3,377.0,3.4458333333333333,4
2022,6,3,-3.0,354.0,5.054166666666666,4
2022,6,4,-2.9,307.0,6.237500000000001,3
2022,6,5,-3.9,295.0,10.095833333333331,4
2022,6,6,-6.2,329.0,19.95,9
2022,6,7,-6.5,342.0,9.458333333333334,6
2022,6,8,-6.0,332.0,8.225,4
2022,6,9,-4.9,329.0,11.54166666666667,4
2022,6,10,-4.2,319.0,8.054166666666669,4
2022,6,11,-5.1,373.0,16.883333333333336,7
2022,6,12,-5.2,450.0,6.529166666666665,9
2022,6,13,-4.9,560.0,3.5375,14
2022,6,14,-1.9,489.0,4.0791666666666675,6
2022,6,15,-6.4,617.0,4.2458333333333345,17
2022,6,16,-5.1,591.0,2.4916666666666667,10
2022,6,17,-3.6,648.0,2.3416666666666663,12
2022,6,18,-2.6,636.0,2.0999999999999996,13
2022,6,19,-2.7,637.0,1.8,10
2022,6,20,-5.0,659.0,1.4375000000000002,10
2022,6,21,-2.7,545.0,2.963636363636364,7
2022,6,22,-4.6,498.0,3.3130434782608695,9
2022,6,23,-3.8,501.0,4.145833333333333,10
2022,6,24,-6.3,451.0,3.4833333333333343,6
2022,6,25,-9.7,465.0,3.3249999999999997,15
2022,6,26,-5.0,664.0,2.8333333333333335,22
2022,6,27,-3.4,672.0,1.9083333333333332,10
2022,6,28,-3.3,527.0,3.4666666666666672,7
2022,6,29,-2.7,521.0,3.329166666666667,4
2022,6,30,-1.5,436.0,3.8375,3
2022,7,1,-6.8,356.0,10.012500000000001,6
2022,7,2,-11.8,355.0,10.541666666666666,17
2022,7,3,-1.8,343.0,23.32083333333334,7
2022,7,4,-6.9,468.0,17.82083333333333,19
2022,7,5,-0.7,413.0,6.454166666666668,3
2022,7,6,-3.2,347.0,15.470833333333331,4
2022,7,7,-16.9,404.0,15.079166666666666,19
2022,7,8,-8.9,417.0,11.429166666666667,19
2022,7,9,-4.2,382.0,6.745833333333334,5
2022,7,10,-2.9,388.0,7.408333333333334,5
2022,7,11,-8.7,360.0,9.508333333333335,10
2022,7,12,-7.6,500.0,9.573913043478258,16
2022,7,13,-3.2,503.0,1.9913043478260875,4
2022,7,14,-3.5,463.0,0.5166666666666667,4
2022,7,15,-5.1,557.0,0.41666666666666674,7
2022,7,16,-4.6,520.0,0.4625000000000001,6
2022,7,17,-2.0,432.0,1.3666666666666665,4
2022,7,18,-6.5,469.0,4.625,8
2022,7,19,-10.9,488.0,7.175000000000001,27
2022,7,20,-2.8,443.0,5.2124999999999995,5
2022,7,21,-6.9,451.0,14.933333333333335,20
2022,7,22,-0.8,552.0,5.375,10
2022,7,23,-4.0,649.0,5.075,17
2022,7,24,-2.6,564.0,2.7958333333333325,8
2022,7,25,-2.0,501.0,2.558333333333334,5
2022,7,26,-4.9,452.0,1.4083333333333334,7
2022,7,27,-3.4,457.0,4.933333333333333,8
2022,7,28,-3.3,420.0,6.895833333333333,6
2022,7,29,-1.9,375.0,7.229166666666668,4
2022,7,30,-1.9,360.0,10.845833333333331,6
2022,7,31,-5.9,449.0,13.333333333333334,11
2022,8,1,-1.8,510.0,5.325,7
2022,8,2,-1.8,527.0,5.408333333333334,8
2022,8,3,-2.4,557.0,6.075,7
2022,8,4,-3.0,495.0,4.816666666666666,6
2022,8,5,-5.8,413.0,5.570833333333333,6
2022,8,6,0.7,373.0,10.0625,3
2022,8,7,-10.1,573.0,10.2875,23
2022,8,8,-6.7,616.0,4.054166666666666,26
2022,8,9,-4.6,650.0,2.3375000000000004,19
2022,8,10,-2.7,670.0,1.2750000000000001,12
2022,8,11,-5.5,611.0,3.3125000000000004,17
2022,8,12,-3.2,601.0,1.6083333333333332,6
2022,8,13,-3.3,543.0,2.7249999999999996,8
2022,8,14,-2.5,496.0,2.9874999999999994,5
2022,8,15,-3.6,490.0,2.2458333333333336,5
2022,8,16,-3.0,406.0,4.725,4
2022,8,17,-14.0,524.0,9.558333333333334,32
2022,8,18,-4.7,608.0,6.025000000000002,28
2022,8,19,-5.9,705.0,4.125,20
2022,8,20,-3.8,668.0,4.054166666666667,12
2022,8,21,-4.2,622.0,1.9083333333333334,14
2022,8,22,-2.3,631.0,1.4291666666666665,6
2022,8,23,-1.2,528.0,1.7874999999999999,3
2022,8,24,0.7,438.0,3.545833333333333,2
2022,8,25,-0.8,378.0,2.7125000000000004,3
2022,8,26,-1.3,354.0,5.745833333333333,3
2022,8,27,-6.4,431.0,14.700000000000003,11
2022,8,28,-1.9,472.0,6.833333333333335,7
2022,8,29,-4.8,530.0,9.012500000000001,12
2022,8,30,-4.1,614.0,4.408333333333332,12
2022,8,31,-4.6,574.0,3.9791666666666665,13
2022,9,1,-2.5,583.0,3.7958333333333325,8
2022,9,2,-3.6,461.0,6.9375,8
2022,9,3,-6.1,575.0,9.436363636363637,22
2022,9,4,-7.1,717.0,5.216666666666667,62
2022,9,5,-5.2,688.0,3.7875,36
2022,9,6,-2.6,643.0,2.091666666666667,19
2022,9,7,-4.8,611.0,1.8875000000000002,13
2022,9,8,-4.8,541.0,2.3041666666666667,19
2022,9,9,-5.5,517.0,2.9166666666666665,12
2022,9,10,-5.8,483.0,4.087499999999999,12
2022,9,11,-3.5,470.0,3.820833333333334,8
2022,9,12,-2.7,427.0,6.854166666666667,7
2022,9,13,-1.7,345.0,4.5,2
2022,9,14,-5.5,342.0,30.7625,8
2022,9,15,4.3,331.0,9.929166666666665,6
2022,9,16,-1.2,358.0,10.445833333333331,4
2022,9,17,-3.9,361.0,8.245833333333335,4
2022,9,18,-1.3,517.0,8.608333333333336,10
2022,9,19,-4.3,520.0,4.279166666666666,11
2022,9,20,-3.8,497.0,4.020833333333333,7
2022,9,21,-2.7,487.0,2.7999999999999994,4
2022,9,22,-1.9,444.0,6.6173913043478265,5
2022,9,23,-6.5,435.0,7.654166666666668,11
2022,9,24,-5.0,441.0,3.7458333333333336,12
2022,9,25,-4.1,384.0,5.033333333333334,5
2022,9,26,-5.4,364.0,15.237499999999997,4
2022,9,27,-11.0,657.0,18.633333333333336,22
2022,9,28,-0.8,614.0,0.8791666666666664,3
2022,9,29,-1.8,538.0,3.6875,6
2022,9,30,-7.1,590.0,1.9500000000000004,13
2022,10,1,-1.7,463.0,1.3541666666666663,2
2022,10,2,-7.5,556.0,1.6916666666666664,12
2022,10,3,-8.0,543.0,3.125,24
2022,10,4,-5.4,600.0,3.545833333333334,17
2022,10,5,-5.3,530.0,3.0666666666666664,13
2022,10,6,-4.8,519.0,3.9250000000000007,16
2022,10,7,-4.6,539.0,2.9541666666666657,14
2022,10,8,-3.5,526.0,2.3208333333333333,11
2022,10,9,-4.0,647.0,3.0749999999999997,23
2022,10,10,-3.2,644.0,2.0791666666666666,9
2022,10,11,-2.0,451.0,1.9125000000000003,6
2022,10,12,-3.6,385.0,4.095833333333334,4
2022,10,13,-3.5,339.0,3.795833333333334,4
2022,10,14,-11.2,436.0,12.579166666666666,16
2022,10,15,-3.0,548.0,6.7875000000000005,16
2022,10,16,-3.3,623.0,2.6291666666666664,15
2022,10,17,-1.9,622.0,1.5374999999999999,4
2022,10,18,-1.7,558.0,2.3541666666666665,5
2022,10,19,-2.0,465.0,2.5708333333333333,4
2022,10,20,-3.3,452.0,4.7956521739130435,6
2022,10,21,-2.9,416.0,10.241666666666667,4
2022,10,22,-10.2,388.0,15.258333333333333,24
2022,10,23,-3.9,547.0,6.858333333333332,15
2022,10,24,-0.9,558.0,3.3333333333333335,6
2022,10,25,-2.4,461.0,3.908333333333333,3
2022,10,26,-3.3,376.0,9.424999999999999,4
2022,10,27,-5.0,449.0,9.120833333333335,9
2022,10,28,-6.5,548.0,7.487500000000001,15
2022,10,29,-6.6,562.0,3.983333333333333,25
2022,10,30,-2.6,555.0,2.9999999999999996,10
2022,10,31,-3.7,490.0,3.6624999999999996,11
2022,11,1,-3.6,464.0,3.9333333333333322,7
2022,11,2,-6.7,505.0,3.7166666666666672,13
2022,11,3,-8.2,633.0,2.329166666666666,26
2022,11,4,-2.9,634.0,1.6208333333333336,14
2022,11,5,-3.9,506.0,2.0749999999999997,9
2022,11,6,-1.5,434.0,2.9250000000000003,3
2022,11,7,-9.9,406.0,12.758333333333335,19
2022,11,8,-8.0,393.0,3.9041666666666663,11
2022,11,9,-3.7,360.0,3.530769230769231,5
2022,11,10,0.6,346.0,6.108333333333333,0
2022,11,11,-5.7,412.0,13.345833333333333,7
2022,11,12,-2.7,481.0,5.254166666666666,4
2022,11,13,-3.2,466.0,2.2958333333333334,6
2022,11,14,-2.7,467.0,2.8000000000000003,3
2022,11,15,-1.9,430.0,3.950000000000001,2
2022,11,16,-3.9,359.0,5.679166666666667,2
2022,11,17,-1.9,376.0,5.283333333333334,1
2022,11,18,-6.9,344.0,11.9,6
2022,11,19,-0.3,374.0,9.5125,4
2022,11,20,-7.2,416.0,11.479166666666666,5
2022,11,21,-3.3,450.0,9.945833333333333,9
2022,11,22,-1.2,394.0,7.133333333333333,2
2022,11,23,-2.0,328.0,17.204166666666666,2
2022,11,24,-2.9,375.0,21.624999999999996,5
2022,11,25,-8.9,546.0,5.841666666666666,18
2022,11,26,-2.8,621.0,4.291666666666665,15
2022,11,27,-5.1,545.0,4.829166666666667,13
2022,11,28,-6.2,650.0,3.8749999999999987,22
2022,11,29,-4.8,682.0,2.4125000000000005,20
2022,11,30,-5.4,699.0,3.004166666666667,24
2022,12,1,-4.5,829.0,1.7173913043478255,24
2022,12,2,-3.5,800.0,1.3458333333333332,15
2022,12,3,-2.6,635.0,2.7874999999999996,10
2022,12,4,-6.0,518.0,3.9541666666666675,16
2022,12,5,-4.6,504.0,2.4875000000000003,6
2022,12,6,-2.9,414.0,4.145833333333333,3
2022,12,7,-12.7,469.0,16.775,16
2022,12,8,-4.6,588.0,6.6125,9
2022,12,9,-5.5,554.0,3.2750000000000004,10
2022,12,10,-6.2,478.0,3.191666666666667,8
2022,12,11,-4.1,468.0,3.1611111111111114,9
2022,12,12,-2.5,451.0,2.375,5
2022,12,13,-2.6,430.0,3.983333333333334,3
2022,12,14,-6.2,361.0,7.004166666666666,4
2022,12,15,-6.1,350.0,6.820833333333333,5
2022,12,16,-4.1,326.0,7.787500000000001,4
2022,12,17,-3.4,314.0,7.2375,2
2022,12,18,-7.1,316.0,10.0625,3
2022,12,19,-12.0,344.0,12.441666666666663,9
2022,12,20,-6.9,367.0,7.137500000000002,5
2022,12,21,-10.4,426.0,7.570833333333332,8
2022,12,22,-7.7,485.0,6.408333333333335,10
2022,12,23,-8.1,603.0,4.7749999999999995,21
2022,12,24,-5.2,726.0,1.7875000000000003,22
2022,12,25,-4.3,723.0,0.3083333333333334,8
2022,12,26,-10.1,635.0,2.1791666666666667,23
2022,12,27,-7.7,533.0,1.9291666666666665,24
2022,12,28,-3.0,520.0,1.804166666666667,4
2022,12,29,-7.4,490.0,5.745833333333334,10
2022,12,30,-6.9,578.0,6.9375,29
2022,12,31,-4.1,612.0,3.254166666666666,15
2023,1,1,-2.9,603.0,2.6333333333333333,14
2023,1,2,-3.0,507.0,3.4708333333333337,7
2023,1,3,-4.4,426.0,5.366666666666667,6
2023,1,4,-10.9,433.0,10.3125,19
2023,1,5,-8.5,388.0,11.083333333333334,8
2023,1,6,-1.4,453.0,3.2125,3
2023,1,7,-2.4,451.0,4.233333333333333,6
2023,1,8,-4.9,409.0,5.033333333333334,7
2023,1,9,-3.6,351.0,6.116666666666667,4
2023,1,10,-5.1,388.0,9.654166666666667,6
2023,1,11,-4.3,410.0,7.9958333333333345,7
2023,1,12,-3.8,426.0,8.170833333333336,9
2023,1,13,-9.2,496.0,6.066666666666667,11
2023,1,14,-8.2,540.0,2.6916666666666664,9
2023,1,15,-8.3,486.0,5.2250000000000005,28
2023,1,16,-2.4,521.0,9.766666666666667,14
2023,1,17,-6.5,452.0,6.449999999999999,5
2023,1,18,-4.3,445.0,6.879166666666667,14
2023,1,19,-6.2,423.0,3.179166666666666,6
2023,1,20,-4.8,444.0,3.569565217391305,5
2023,1,21,-6.5,503.0,5.334782608695652,15
2023,1,22,-5.0,445.0,3.4916666666666667,8
2023,1,23,-6.7,516.0,2.7541666666666664,6
2023,1,24,-1.9,446.0,2.7374999999999994,4
2023,1,25,-5.4,431.0,3.3041666666666667,6
2023,1,26,-3.9,551.0,6.7,10
2023,1,27,-3.8,574.0,2.3249999999999997,8
2023,1,28,-3.2,552.0,3.295833333333334,10
2023,1,29,-2.0,499.0,4.3083333333333345,4
2023,1,30,-1.5,475.0,7.699999999999998,4
2023,1,31,-5.0,484.0,4.279166666666666,8
2023,2,1,-6.1,430.0,7.729166666666668,5
2023,2,2,-5.1,413.0,4.208333333333334,4
2023,2,3,-7.5,357.0,8.76923076923077,7
2023,2,4,-5.4,382.0,5.7,5
2023,2,5,-2.7,358.0,11.65625,4
2023,2,6,-6.8,476.0,10.104166666666666,16
2023,2,7,-6.8,556.0,3.6,18
2023,2,8,-3.8,611.0,4.158333333333333,17
2023,2,9,-5.9,588.0,2.7750000000000004,18
2023,2,10,-5.1,526.0,3.429166666666666,15
2023,2,11,-3.8,515.0,3.8041666666666667,8
2023,2,12,-2.9,488.0,1.8125000000000002,7
2023,2,13,-2.6,404.0,7.0874999999999995,4
2023,2,14,-5.7,395.0,8.2125,6
2023,2,15,-11.4,354.0,17.97083333333333,27
2023,2,16,-12.7,506.0,10.662499999999998,23
2023,2,17,-1.0,528.0,2.229166666666666,6
2023,2,18,-1.8,431.0,4.062500000000001,6
2023,2,19,-4.2,398.0,6.008333333333333,6
2023,2,20,-1.5,459.0,8.1,7
2023,2,21,-10.5,415.0,7.287499999999998,14
2023,2,22,-2.2,470.0,5.295833333333333,6
2023,2,23,-3.7,661.0,4.4624999999999995,20
2023,2,24,-1.1,596.0,5.317391304347825,4
2023,2,25,-7.6,430.0,4.9,10
2023,2,26,-7.8,639.0,12.80952380952381,24
2023,2,27,-12.9,846.0,6.166666666666668,91
2023,2,28,-3.2,714.0,1.7958333333333334,26
2023,3,1,0.8,695.0,3.579166666666667,7
2023,3,2,-5.6,546.0,4.316666666666666,8
2023,3,3,-4.0,671.0,2.9583333333333335,20
2023,3,4,-1.9,733.0,1.6874999999999993,16
2023,3,5,-4.7,683.0,2.883333333333333,21
2023,3,6,-2.3,657.0,2.0958333333333337,15
2023,3,7,-2.7,679.0,1.9041666666666668,9
2023,3,8,-4.0,469.0,3.0875,7
2023,3,9,-7.7,431.0,6.137499999999999,14
2023,3,10,-6.2,405.0,4.916666666666667,9
2023,3,11,-4.9,370.0,5.220833333333332,6
2023,3,12,-6.1,389.0,9.854166666666664,7
2023,3,13,0.1,371.0,9.7875,2
2023,3,14,-5.1,425.0,15.483333333333333,18
2023,3,15,-9.3,556.0,12.108333333333334,30
2023,3,16,-0.5,559.0,3.2791666666666663,6
2023,3,17,-4.1,439.0,3.0750000000000006,5
2023,3,18,-4.9,432.0,4.116666666666666,8
2023,3,19,-3.8,422.0,4.616666666666666,9
2023,3,20,-5.8,428.0,4.545833333333333,11
2023,3,21,-1.7,505.0,5.137500000000001,6
2023,3,22,-3.3,549.0,3.9333333333333336,15
2023,3,23,-16.1,504.0,9.541666666666668,55
2023,3,24,-15.7,463.0,10.875,73
2023,3,25,-2.7,586.0,2.783333333333333,14
2023,3,26,-2.3,606.0,0.5083333333333335,7
2023,3,27,-4.4,544.0,0.3217391304347826,3
2023,3,28,-3.2,431.0,0.6416666666666667,4
2023,3,29,-3.7,420.0,1.5583333333333336,5
2023,3,30,-4.2,555.0,5.6375,18
2023,3,31,-5.9,631.0,2.7624999999999997,19
2023,4,1,-3.2,577.0,3.3333333333333335,14
2023,4,2,-4.0,567.0,2.1625000000000005,14
2023,4,3,-3.6,516.0,2.8708333333333336,12
2023,4,4,-3.4,516.0,4.6208333333333345,13
2023,4,5,-2.9,504.0,3.974999999999999,11
2023,4,6,-4.8,397.0,6.304166666666666,7
2023,4,7,-4.3,396.0,4.0791666666666675,8
2023,4,8,-3.9,377.0,4.754166666666666,5
2023,4,9,-4.6,355.0,4.624999999999998,6
2023,4,10,-6.5,536.0,10.391666666666667,12
2023,4,11,-2.2,450.0,7.341666666666666,4
2023,4,12,-1.9,375.0,7.595833333333334,3
2023,4,13,-3.1,396.0,6.2625,5
2023,4,14,-3.9,380.0,8.120833333333334,5
2023,4,15,-4.2,355.0,8.779166666666667,7
2023,4,16,-2.9,349.0,6.570833333333333,4
2023,4,17,-4.4,365.0,8.500000000000002,4
2023,4,18,-0.7,616.0,6.066666666666666,13
2023,4,19,-7.2,593.0,3.5958333333333337,10
2023,4,20,1.7,434.0,4.683333333333333,4
2023,4,21,-6.0,398.0,5.454166666666667,9
2023,4,22,-3.6,373.0,3.6666666666666674,6
2023,4,23,-21.0,711.0,7.895833333333333,65
2023,4,24,-32.4,641.0,2.8791666666666664,72
2023,4,25,-2.9,545.0,2.1125000000000003,8
2023,4,26,-2.5,659.0,3.670833333333333,14
2023,4,27,-4.3,658.0,2.7499999999999996,21
2023,4,28,-4.2,696.0,2.4125000000000005,18
2023,4,29,-4.6,657.0,1.7666666666666666,20
2023,4,30,-2.3,611.0,2.329166666666666,9
2023,5,1,-4.4,538.0,2.7249999999999996,9
2023,5,2,-3.3,547.0,1.4124999999999999,8
2023,5,3,-2.4,475.0,2.1190476190476186,3
2023,5,4,-2.3,439.0,4.995833333333334,5
2023,5,5,-3.3,390.0,4.3708333333333345,3
2023,5,6,-13.0,542.0,10.2875,29
2023,5,7,-2.0,505.0,10.875000000000002,10
2023,5,8,-6.1,545.0,6.6166666666666645,15
2023,5,9,-2.8,541.0,4.941666666666669,12
2023,5,10,-3.6,668.0,6.741666666666667,24
2023,5,11,-1.5,614.0,2.5125000000000006,8
2023,5,12,-3.7,563.0,6.258333333333333,18
2023,5,13,-3.8,497.0,4.695833333333333,11
2023,5,14,-3.9,498.0,3.4958333333333336,8
2023,5,15,-2.1,491.0,4.05,5
2023,5,16,-2.1,487.0,3.6750000000000003,7
2023,5,17,-0.9,435.0,3.023076923076923,3
2023,5,18,-1.7,375.0,2.3875,2
2023,5,19,-9.6,371.0,10.191666666666666,8
2023,5,20,-14.2,586.0,7.279166666666666,32
2023,5,21,-8.9,554.0,4.945833333333334,26
2023,5,22,-5.3,620.0,4.979166666666666,20
2023,5,23,-3.8,606.0,3.3791666666666664,12
2023,5,24,-3.4,581.0,2.741666666666667,10
2023,5,25,-4.1,626.0,1.7333333333333334,11
2023,5,26,-3.4,521.0,1.2249999999999999,5
2023,5,27,-3.7,468.0,0.6791666666666667,4
2023,5,28,-4.8,476.0,2.0666666666666664,9
2023,5,29,-2.7,416.0,2.5833333333333335,3
2023,5,30,-2.9,388.0,4.1083333333333325,4
2023,5,31,-6.6,387.0,7.45,9
2023,6,1,-5.9,473.0,4.866666666666668,12
2023,6,2,-3.4,428.0,4.562499999999999,4
2023,6,3,-1.2,357.0,6.908333333333334,3
2023,6,4,-6.1,352.0,13.766666666666666,9
2023,6,5,-1.3,424.0,5.6499999999999995,4
2023,6,6,-6.3,392.0,6.516666666666668,5
2023,6,7,-3.2,353.0,4.466666666666667,3
2023,6,8,-4.3,365.0,7.391666666666667,4
2023,6,9,-3.9,327.0,9.666666666666666,3
2023,6,10,-2.4,321.0,14.591666666666663,4
2023,6,11,-4.3,431.0,11.729166666666664,8
2023,6,12,-1.6,459.0,4.616666666666667,6
2023,6,13,-2.8,468.0,3.4916666666666667,5
2023,6,14,-1.4,359.0,3.5666666666666664,4
2023,6,15,-10.6,637.0,10.995833333333332,26
2023,6,16,-6.0,682.0,3.3875000000000006,32
2023,6,17,-3.4,607.0,1.8583333333333332,7
2023,6,18,-5.4,497.0,3.724999999999999,9
2023,6,19,-4.0,447.0,5.379166666666666,11
2023,6,20,-4.8,465.0,3.9041666666666672,8
2023,6,21,-5.4,454.0,3.933333333333333,6
2023,6,22,-5.5,428.0,4.2625,9
2023,6,23,-5.1,428.0,5.829166666666667,8
2023,6,24,-9.0,499.0,2.904166666666667,16
2023,6,25,-9.2,576.0,3.5666666666666664,16
2023,6,26,-3.3,600.0,1.8416666666666666,10
2023,6,27,-3.4,527.0,2.579166666666667,7
2023,6,28,-2.8,464.0,3.3708333333333336,7
2023,6,29,-5.5,499.0,3.933333333333333,16
2023,6,30,-3.1,577.0,2.183333333333334,6
2023,7,1,-0.8,496.0,1.9833333333333334,4
2023,7,2,-2.4,441.0,3.3125,4
2023,7,3,-2.0,400.0,4.375000000000001,4
2023,7,4,-1.9,382.0,4.325,3
2023,7,5,-3.2,417.0,10.370833333333334,6
2023,7,6,-7.0,480.0,7.670833333333334,10
2023,7,7,-7.6,501.0,6.166666666666667,18
2023,7,8,-4.0,466.0,5.883333333333333,6
2023,7,9,-1.7,388.0,4.45,3
2023,7,10,-2.7,357.0,4.645833333333335,4
2023,7,11,-5.1,345.0,8.441666666666665,6
2023,7,12,-5.7,338.0,7.966666666666666,6
2023,7,13,-1.2,341.0,15.058333333333335,7
2023,7,14,-8.9,429.0,15.241666666666662,20
2023,7,15,-5.2,426.0,3.0500000000000003,7
2023,7,16,-10.6,455.0,1.125,8
2023,7,17,-8.3,582.0,2.3249999999999997,21
2023,7,18,-3.7,544.0,3.866666666666667,14
2023,7,19,-1.2,448.0,2.2130434782608694,4
2023,7,20,-6.1,423.0,6.545833333333332,10
2023,7,21,-9.3,419.0,10.820833333333333,11
2023,7,22,-3.3,415.0,4.066666666666666,8
2023,7,23,-5.6,396.0,2.9416666666666664,6
2023,7,24,-3.6,417.0,3.041666666666666,6
2023,7,25,-6.0,491.0,4.258333333333334,9
2023,7,26,-8.1,574.0,4.200000000000001,19
2023,7,27,-2.0,519.0,5.244999999999999,6
2023,7,28,-4.1,410.0,4.4541666666666675,5
2023,7,29,-4.6,370.0,3.822222222222223,8
2023,7,30,-4.7,522.0,1.5125000000000002,8
2023,7,31,-4.9,441.0,2.025,5
2023,8,1,-3.4,396.0,10.35,8
2023,8,2,-8.6,400.0,10.645833333333334,12
2023,8,3,-4.0,369.0,7.758333333333333,5
2023,8,4,-9.7,390.0,7.470833333333332,13
2023,8,5,-15.1,432.0,7.4375,33
2023,8,6,-1.5,381.0,1.8958333333333333,2
2023,8,7,-6.8,620.0,1.6541666666666666,10
2023,8,8,-4.3,584.0,1.9375,7
2023,8,9,-3.3,451.0,7.3791666666666655,6
2023,8,10,-3.8,507.0,4.754166666666667,6
2023,8,11,-0.8,490.0,3.9666666666666672,4
2023,8,12,-2.6,455.0,2.8208333333333333,6
2023,8,13,-2.4,401.0,3.1125000000000003,4
2023,8,14,-2.8,362.0,7.374999999999997,4
2023,8,15,-4.1,322.0,11.033333333333337,3
2023,8,16,-7.7,319.0,12.504166666666668,7
2023,8,17,-4.3,336.0,12.954166666666666,6
2023,8,18,-5.9,502.0,8.645833333333334,10
2023,8,19,-5.7,527.0,3.0500000000000003,7
2023,8,20,-4.7,642.0,2.1875000000000004,8
2023,8,21,-1.7,633.0,1.8708333333333336,8
2023,8,22,-2.8,533.0,2.4,7
2023,8,23,-0.1,431.0,3.6458333333333335,3
2023,8,24,-4.3,488.0,4.108333333333333,7
2023,8,25,-2.4,475.0,1.7750000000000001,4
2023,8,26,-4.3,397.0,3.9124999999999996,6
2023,8,27,-4.7,396.0,4.620833333333334,10
2023,8,28,-4.5,346.0,7.487500000000001,6
2023,8,29,-5.2,364.0,7.570833333333334,4
2023,8,30,-5.0,333.0,7.662499999999999,5
2023,8,31,-0.7,406.0,9.216666666666667,5
2023,9,1,-5.7,567.0,6.1000000000000005,12
2023,9,2,-7.7,716.0,5.029166666666668,37
2023,9,3,-3.6,539.0,10.687500000000002,23
2023,9,4,-3.4,431.0,4.475000000000002,6
2023,9,5,-3.8,435.0,5.879166666666666,9
2023,9,6,-4.3,434.0,5.929166666666667,6
2023,9,7,-3.3,410.0,5.3500000000000005,5
2023,9,8,-4.0,366.0,6.216666666666666,5
2023,9,9,-2.9,380.0,8.258333333333335,8
2023,9,10,-0.3,349.0,6.012499999999999,2
2023,9,11,-2.4,394.0,7.979166666666669,5
2023,9,12,-16.3,434.0,16.779166666666665,23
2023,9,13,-8.7,429.0,7.6375,16
2023,9,14,-5.5,513.0,8.029166666666667,17
2023,9,15,-3.6,468.0,3.5375,6
2023,9,16,-4.6,449.0,3.741666666666667,6
2023,9,17,-3.6,487.0,7.666666666666668,14
2023,9,18,-10.4,561.0,6.22608695652174,30
2023,9,19,-9.3,643.0,4.1125,47
2023,9,20,-3.1,578.0,6.562499999999999,15
2023,9,21,-3.2,427.0,4.8,8
2023,9,22,-3.9,395.0,5.1625000000000005,8
2023,9,23,-4.3,393.0,4.945833333333334,8
2023,9,24,-12.3,457.0,11.75,21
2023,9,25,-6.9,483.0,12.779166666666667,23
2023,9,26,-11.2,521.0,3.7375000000000003,28
2023,9,27,-2.4,492.0,7.837499999999999,14
2023,9,28,-4.3,463.0,1.7958333333333332,5
2023,9,29,-6.9,462.0,3.9166666666666665,11
2023,9,30,-5.2,432.0,3.370833333333334,8
2023,10,1,-4.0,401.0,4.391666666666667,8
2023,10,2,-4.1,378.0,4.991666666666667,8
2023,10,3,-6.4,373.0,6.912499999999999,6
2023,10,4,-5.7,412.0,5.858333333333334,10
2023,10,5,-6.7,486.0,4.595833333333334,15
2023,10,6,-1.6,471.0,8.316666666666666,7
2023,10,7,-4.6,387.0,4.2250000000000005,4
2023,10,8,-4.4,327.0,9.833333333333334,6
2023,10,9,-5.6,354.0,12.833333333333334,7
2023,10,10,-1.9,353.0,6.441666666666667,3
2023,10,11,-4.0,315.0,8.045833333333333,3
2023,10,12,-1.0,330.0,8.508333333333335,2
2023,10,13,-7.4,509.0,18.429166666666664,13
2023,10,14,-0.8,541.0,2.9249999999999994,6
2023,10,15,-1.1,475.0,2.5124999999999997,2
2023,10,16,-0.9,379.0,3.3541666666666674,2
2023,10,17,-1.2,332.0,5.754166666666667,1
2023,10,18,-7.9,434.0,11.104166666666666,8
2023,10,19,-4.9,395.0,5.508333333333333,8
2023,10,20,-7.5,373.0,10.054166666666669,6
2023,10,21,-9.2,341.0,11.699999999999998,21
2023,10,22,-6.7,346.0,9.162499999999998,7
2023,10,23,0.8,385.0,5.508333333333333,1
2023,10,24,-2.1,378.0,6.037499999999999,3
2023,10,25,-3.6,339.0,10.145833333333334,3
2023,10,26,-9.5,536.0,9.841666666666667,21
2023,10,27,-4.4,470.0,3.695833333333333,10
2023,10,28,-6.5,536.0,9.108333333333333,17
2023,10,29,-6.2,640.0,3.616666666666666,26
2023,10,30,-4.6,579.0,2.6,12
2023,10,31,-3.7,519.0,2.7583333333333333,7
2023,11,1,-3.4,478.0,2.3583333333333334,8
2023,11,2,-2.1,447.0,2.858333333333333,6
2023,11,3,-2.1,366.0,3.291666666666666,2
2023,11,4,-11.7,346.0,18.474999999999998,12
2023,11,5,-23.4,505.0,20.67916666666667,61
2023,11,6,-6.4,724.0,5.129166666666666,36
2023,11,7,-2.6,732.0,2.3583333333333334,18
2023,11,8,-1.0,735.0,3.264705882352941,15
2023,11,9,-2.7,703.0,2.1375000000000006,10
2023,11,10,-1.6,697.0,1.5416666666666667,8
2023,11,11,-1.1,565.0,1.7749999999999997,4
2023,11,12,-5.1,569.0,8.916666666666666,9
2023,11,13,-6.9,450.0,14.208333333333334,14
2023,11,14,-4.7,441.0,4.766666666666667,6
2023,11,15,-5.1,406.0,6.245833333333333,12
2023,11,16,-3.6,420.0,3.629166666666666,6
2023,11,17,-2.3,382.0,4.075,2
2023,11,18,-2.6,316.0,9.308333333333335,1
2023,11,19,-3.7,348.0,7.954166666666669,3
2023,11,20,-2.3,328.0,18.87083333333334,4
2023,11,21,-8.6,425.0,17.083333333333336,18
2023,11,22,-9.0,578.0,5.970833333333332,30
2023,11,23,-3.1,529.0,2.5291666666666663,6
2023,11,24,-5.4,424.0,5.812499999999999,7
2023,11,25,-8.6,597.0,9.720833333333333,37
2023,11,26,-2.8,585.0,3.274999999999999,9
2023,11,27,-3.1,467.0,3.3125000000000004,6
2023,11,28,-2.1,454.0,3.304166666666667,6
2023,11,29,-3.1,427.0,3.741666666666666,4
2023,11,30,-3.1,387.0,4.424999999999999,4
2023,12,1,-22.3,532.0,18.75,52
2023,12,2,-11.5,508.0,3.8583333333333325,13
2023,12,3,-2.4,540.0,6.104166666666665,10
2023,12,4,-5.4,579.0,5.508333333333333,9
2023,12,5,-2.1,647.0,4.241666666666667,14
2023,12,6,-2.3,625.0,2.4541666666666666,10
2023,12,7,-1.8,566.0,2.620833333333333,4
2023,12,8,-2.0,466.0,2.9499999999999997,4
2023,12,9,-2.6,392.0,3.4000000000000004,1
2023,12,10,-3.2,359.0,4.375000000000001,3
2023,12,11,-2.0,348.0,6.762499999999999,1
2023,12,12,-10.1,386.0,11.595833333333333,7
2023,12,13,-6.5,377.0,8.841666666666669,7
2023,12,14,-10.2,377.0,6.983333333333334,15
2023,12,15,-4.9,491.0,10.758333333333333,11
2023,12,16,-4.2,520.0,7.779166666666666,13
2023,12,17,-10.3,530.0,13.054166666666665,33
2023,12,18,-10.6,608.0,9.341666666666667,23
2023,12,19,-3.0,714.0,2.308333333333334,11
2023,12,20,-4.2,566.0,1.9708333333333332,10
2023,12,21,-3.2,416.0,1.7291666666666663,4
2023,12,22,-2.2,361.0,3.4083333333333337,2
2023,12,23,-6.4,357.0,5.922727272727273,5
2023,12,24,-4.8,426.0,4.358333333333333,9
2023,12,25,-1.4,414.0,4.666666666666667,3
2023,12,26,-2.4,496.0,2.766666666666667,5
2023,12,27,-2.3,468.0,2.7375000000000003,4
2023,12,28,-0.3,426.0,3.745833333333334,2
2023,12,29,-3.7,403.0,12.508333333333333,6
2023,12,30,-1.8,376.0,8.245833333333332,4
2023,12,31,-4.5,331.0,6.291666666666667,3
2024,1,1,-7.7,351.0,11.387500000000001,10
2024,1,2,-5.2,416.0,7.333333333333335,8
2024,1,3,-5.7,483.0,7.233333333333335,11
2024,1,4,-2.9,458.0,3.6458333333333335,5
2024,1,5,-3.0,418.0,2.983333333333334,4
2024,1,6,-2.4,377.0,2.75,2
2024,1,7,-2.0,331.0,5.400000000000001,1
2024,1,8,-3.9,348.0,8.304166666666667,3
2024,1,9,-2.3,379.0,6.712500000000001,5
2024,1,10,-4.8,420.0,5.125,6
2024,1,11,-2.5,470.0,1.9333333333333333,5
2024,1,12,-2.0,463.0,1.883333333333333,4
2024,1,13,-2.2,363.0,3.3333333333333335,2
2024,1,14,-5.7,345.0,5.966666666666666,6
2024,1,15,-4.0,357.0,10.491666666666669,5
2024,1,16,-4.6,353.0,9.025,5
2024,1,17,-2.4,365.0,7.379166666666666,3
2024,1,18,-4.8,373.0,6.449999999999999,6
2024,1,19,-4.9,416.0,3.6250000000000013,7
2024,1,20,-4.1,393.0,4.595833333333333,6
2024,1,21,-4.2,372.0,5.654166666666666,4
2024,1,22,-4.9,462.0,7.512499999999999,8
2024,1,23,-2.5,448.0,7.554166666666666,6
2024,1,24,-5.2,464.0,6.966666666666669,8
2024,1,25,-3.1,425.0,6.595833333333334,5
2024,1,26,-5.3,475.0,5.116666666666667,4
2024,1,27,-0.9,420.0,6.154166666666668,4
2024,1,28,-4.9,428.0,8.508333333333335,7
2024,1,29,-2.6,469.0,4.858333333333333,7
2024,1,30,-3.4,487.0,4.058333333333333,6
2024,1,31,-2.4,462.0,3.2708333333333335,6
2024,2,1,-3.0,438.0,5.620833333333333,5
2024,2,2,-2.8,360.0,4.666666666666668,2
2024,2,3,-2.7,327.0,6.966666666666665,2
2024,2,4,-5.1,401.0,9.862500000000002,6
2024,2,5,-2.8,440.0,7.050000000000001,6
2024,2,6,-2.1,543.0,3.2208333333333337,7
2024,2,7,-2.1,492.0,1.5291666666666666,3
2024,2,8,-3.2,509.0,1.8124999999999998,4
2024,2,9,-1.5,470.0,3.3250000000000006,5
2024,2,10,-3.2,418.0,7.420833333333333,4
2024,2,11,-7.4,732.0,3.1,14
2024,2,12,-1.5,545.0,1.7625,4
2024,2,13,-5.0,461.0,5.237500000000001,9
2024,2,14,-3.2,461.0,2.0454545454545463,5
2024,2,15,-2.3,466.0,3.814285714285714,3
2024,2,16,-1.4,413.0,4.429166666666666,3
2024,2,17,-4.6,381.0,4.820833333333334,4
2024,2,18,-4.4,343.0,4.2625,5
2024,2,19,-4.8,312.0,5.016666666666667,1
2024,2,20,-7.2,318.0,8.437500000000002,5
2024,2,21,-0.7,347.0,7.766666666666666,3
2024,2,22,-3.1,336.0,6.154166666666669,5
2024,2,23,-3.6,338.0,7.004166666666667,2
2024,2,24,-5.4,372.0,9.370833333333332,6
2024,2,25,-4.7,436.0,8.662500000000001,10
2024,2,26,-7.1,428.0,5.216666666666668,10
2024,2,27,-6.9,443.0,5.45,12
2024,2,28,-2.8,435.0,3.358333333333334,4
2024,2,29,-3.1,430.0,3.954166666666667,3
2024,3,1,-4.0,404.0,3.4374999999999996,7
2024,3,2,-3.6,344.0,4.9875,4
2024,3,3,-15.3,347.0,23.754166666666666,34
2024,3,4,-0.9,407.0,5.070833333333334,9
2024,3,5,-4.4,398.0,4.420833333333333,6
2024,3,6,-3.4,441.0,3.570833333333333,5
2024,3,7,-4.7,428.0,8.366666666666665,11
2024,3,8,-4.5,506.0,3.4166666666666665,9
2024,3,9,-4.8,482.0,3.9125,11
2024,3,10,-3.3,448.0,3.554166666666667,6
2024,3,11,-3.1,413.0,4.658333333333333,4
2024,3,12,-4.0,405.0,3.554166666666667,4
2024,3,13,-5.1,397.0,4.466666666666667,8
2024,3,14,-6.2,440.0,4.020833333333333,7
2024,3,15,-4.1,426.0,2.9,6
2024,3,16,0.2,422.0,2.8375,2
2024,3,17,-0.7,374.0,3.1541666666666672,0
2024,3,18,-7.1,349.0,8.0375,3
2024,3,19,-6.2,384.0,7.424999999999998,6
2024,3,20,-4.4,373.0,7.908333333333334,4
2024,3,21,-11.4,376.0,18.562500000000004,22
2024,3,22,-4.5,371.0,8.208333333333334,10
2024,3,23,-10.8,511.0,20.641666666666662,31
2024,3,24,-15.8,852.0,7.245833333333333,68
2024,3,25,0.1,802.0,5.158333333333334,25
2024,3,26,-2.4,645.0,2.1083333333333334,10
2024,3,27,-0.9,540.0,3.5888888888888895,6
2024,3,28,-0.9,479.0,7.333333333333333,7
2024,3,29,-2.1,403.0,9.299999999999997,4
2024,3,30,-0.3,406.0,9.429166666666665,3
2024,3,31,-2.8,548.0,3.5208333333333326,8
2024,4,1,-3.6,558.0,2.566666666666667,10
2024,4,2,-3.9,463.0,4.050000000000001,6
2024,4,3,-2.8,447.0,3.0416666666666665,6
2024,4,4,-5.4,490.0,7.866666666666666,10
2024,4,5,-3.9,464.0,6.854166666666667,10
2024,4,6,-5.0,448.0,4.520833333333333,9
2024,4,7,-3.5,416.0,3.620833333333333,6
2024,4,8,-4.0,396.0,7.445833333333334,7
2024,4,9,-6.9,442.0,5.433333333333333,9
2024,4,10,-2.8,446.0,4.816666666666666,7
2024,4,11,-2.3,445.0,4.083333333333333,5
2024,4,12,-1.7,428.0,3.8375,5
2024,4,13,-1.7,377.0,4.854166666666666,5
2024,4,14,-1.7,371.0,7.579166666666667,5
2024,4,15,-7.7,369.0,8.683333333333332,6
2024,4,16,-9.2,391.0,14.954166666666664,31
2024,4,17,-5.0,368.0,11.341666666666669,6
2024,4,18,-1.0,423.0,8.687499999999998,3
2024,4,19,-15.1,491.0,10.9625,45
2024,4,20,-4.2,489.0,2.891666666666667,10
2024,4,21,-5.5,464.0,3.2500000000000004,18
2024,4,22,-2.6,467.0,2.5624999999999996,7
2024,4,23,-4.8,401.0,2.816666666666667,6
2024,4,24,-0.6,383.0,3.7333333333333325,3
2024,4,25,-3.6,337.0,4.458333333333333,2
2024,4,26,-10.7,347.0,10.774999999999999,17
2024,4,27,-7.9,456.0,8.070833333333335,12
2024,4,28,-1.9,462.0,4.754166666666666,6
2024,4,29,-1.4,488.0,5.158333333333333,6
2024,4,30,-6.5,414.0,12.212499999999999,13
2024,5,1,-7.9,411.0,8.7625,7
2024,5,2,-18.9,443.0,15.69545454545454,42
2024,5,3,-5.3,411.0,3.571428571428572,8
2024,5,4,-3.2,395.0,5.908333333333332,5
2024,5,5,-10.3,373.0,21.866666666666664,10
2024,5,6,-7.3,534.0,8.870833333333335,16
2024,5,7,-1.1,538.0,2.779166666666667,6
2024,5,8,-0.7,522.0,2.7458333333333336,5
2024,5,9,-1.5,462.0,3.9869565217391307,5
2024,5,10,-35.0,740.0,14.712500000000004,105
2024,5,11,-35.3,896.0,15.112499999999999,271
2024,5,12,-4.9,1006.0,2.7416666666666667,53
2024,5,13,-6.2,810.0,5.729166666666667,27
2024,5,14,-0.2,579.0,1.395833333333333,6
2024,5,15,-2.9,531.0,1.6749999999999998,9
2024,5,16,-8.2,491.0,11.812499999999995,27
2024,5,17,-12.8,472.0,8.424999999999999,30
2024,5,18,-5.6,458.0,4.675000000000001,12
2024,5,19,-5.6,408.0,6.720833333333336,8
2024,5,20,-2.8,399.0,6.295833333333333,6
2024,5,21,-3.7,418.0,4.624999999999999,7
2024,5,22,-0.4,403.0,4.470833333333334,3
2024,5,23,-6.9,388.0,7.066666666666666,8
2024,5,24,-6.7,397.0,5.875,9
2024,5,25,-1.7,402.0,4.573913043478261,5
2024,5,26,-4.3,430.0,3.475,8
2024,5,27,-3.3,405.0,6.999999999999999,7
2024,5,28,-2.3,357.0,8.504166666666668,4
2024,5,29,-4.6,349.0,9.970833333333331,5
2024,5,30,-6.6,361.0,7.9958333333333345,7
2024,5,31,-7.0,370.0,10.1125,10
2024,6,1,-3.3,346.0,5.758333333333334,4
2024,6,2,-2.9,334.0,9.575,4
2024,6,3,-3.3,341.0,15.637500000000001,9
2024,6,4,-5.2,436.0,3.218750000000001,6
2024,6,5,-3.9,473.0,5.758333333333333,6
2024,6,6,-5.3,391.0,3.1708333333333325,5
2024,6,7,-9.4,482.0,6.788888888888888,29
2024,6,8,-5.0,523.0,4.888235294117647,14
2024,6,9,-3.0,476.0,3.5000000000000004,5
2024,6,10,-3.3,417.0,6.9941176470588236,9
2024,6,11,-4.1,426.0,6.253333333333333,10
2024,6,12,-3.6,360.0,7.304166666666667,4
2024,6,13,-2.3,348.0,5.758333333333334,2
2024,6,14,-5.1,355.0,5.805,5
2024,6,15,-11.1,455.0,8.33157894736842,17
2024,6,16,-7.0,458.0,6.191666666666666,14
2024,6,17,-4.9,506.0,7.216666666666668,11
2024,6,18,-3.7,595.0,3.8625000000000003,10
2024,6,19,-3.8,571.0,3.8333333333333335,10
2024,6,20,-2.1,497.0,3.1749999999999994,6
2024,6,21,-1.5,530.0,3.5476190476190483,3
2024,6,22,-0.8,329.0,9.75,3
2024,6,23,-8.1,357.0,10.170833333333329,10
2024,6,24,-1.2,332.0,7.329166666666666,3
2024,6,25,-5.9,333.0,8.983333333333333,6
2024,6,26,-7.9,365.0,11.083333333333334,8
2024,6,27,-7.0,351.0,17.162499999999998,8
2024,6,28,-20.2,488.0,36.595454545454544,60
2024,6,29,-5.5,460.0,4.557142857142857,13
2024,6,30,-4.9,520.0,3.06,11
2024,7,1,-2.1,468.0,1.9857142857142855,5
2024,7,2,-2.5,427.0,2.9375,4
2024,7,3,-2.4,387.0,4.383333333333333,4
2024,7,4,-6.7,369.0,14.104166666666664,9
2024,7,5,-2.8,366.0,11.820833333333338,7
2024,7,6,-2.0,359.0,4.175000000000001,2
2024,7,7,-4.6,379.0,7.066666666666667,6
2024,7,8,-6.7,425.0,8.470833333333333,10
2024,7,9,-2.5,388.0,6.279166666666666,6
2024,7,10,-3.9,404.0,6.041666666666665,4
2024,7,11,-2.3,375.0,4.6899999999999995,6
2024,7,12,-3.2,357.0,5.675,5
2024,7,13,-1.2,330.0,5.515,3
2024,7,14,-2.8,311.0,11.195833333333333,4
2024,7,15,-6.4,347.0,9.774999999999999,6
2024,7,16,-4.9,396.0,10.9125,8
2024,7,17,-4.7,396.0,5.675,5
2024,7,18,-2.8,371.0,5.8500000000000005,4
2024,7,19,-3.2,339.0,12.126315789473685,4
2024,7,20,-3.5,372.0,5.430769230769231,6
2024,7,21,-4.7,342.0,7.2043478260869565,4
2024,7,22,-7.4,308.0,10.880952380952383,8
2024,7,23,1.2,311.0,13.404166666666663,4
2024,7,24,0.5,352.0,12.758333333333331,5
2024,7,25,-6.3,408.0,9.3625,8
2024,7,26,-6.9,570.0,6.066666666666666,24
2024,7,27,-5.8,485.0,5.095454545454545,10
2024,7,28,-5.1,425.0,5.375,7
2024,7,29,-4.2,396.0,6.716666666666668,6
2024,7,30,-8.6,498.0,16.016666666666662,22
2024,7,31,-6.3,484.0,8.429166666666665,15
2024,8,1,-5.8,464.0,13.9,19
2024,8,2,-2.7,438.0,11.634782608695653,8
2024,8,3,-6.0,386.0,7.195833333333332,8
2024,8,4,-12.5,398.0,17.679166666666664,49
2024,8,5,-4.8,538.0,7.145833333333333,8
2024,8,6,-1.4,442.0,3.9333333333333336,5
2024,8,7,-3.1,405.0,4.578260869565218,6
2024,8,8,-3.1,400.0,4.7375,6
2024,8,9,-3.1,402.0,4.4125000000000005,5
2024,8,10,-2.7,430.0,4.945833333333334,6
2024,8,11,-10.6,523.0,21.275000000000002,28
2024,8,12,-21.0,519.0,19.766666666666666,127
2024,8,13,-5.6,452.0,7.854166666666667,14
2024,8,14,-5.4,412.0,5.862500000000002,10
2024,8,15,-2.5,390.0,7.262499999999999,4
2024,8,16,-5.6,363.0,7.800000000000001,7
2024,8,17,-8.0,470.0,20.84166666666667,30
2024,8,18,-0.6,459.0,14.708333333333329,11
2024,8,19,-5.3,408.0,3.725,9
2024,8,20,-5.1,358.0,4.825,8
2024,8,21,-5.9,335.0,5.950000000000002,8
2024,8,22,-6.1,374.0,12.275,9
2024,8,23,-6.6,376.0,8.3875,6
2024,8,24,-6.5,385.0,6.491666666666667,8
2024,8,25,-3.0,366.0,6.18,5
2024,8,26,-3.9,321.0,8.299999999999999,4
2024,8,27,-9.9,337.0,22.516666666666666,9
2024,8,28,-14.9,332.0,11.200000000000001,24
2024,8,29,2.4,307.0,12.720833333333333,4
2024,8,30,-10.5,379.0,8.916666666666666,24
2024,8,31,-8.9,405.0,10.674999999999999,25
2024,9,1,-5.3,414.0,7.1499999999999995,15
2024,9,2,-4.2,456.0,5.337499999999999,7
2024,9,3,-1.1,469.0,8.020833333333334,5
2024,9,4,2.0,435.0,15.962499999999999,13
2024,9,5,-0.7,393.0,7.741666666666667,4
2024,9,6,-3.8,389.0,6.795833333333333,6
2024,9,7,-2.0,394.0,6.395833333333333,6
2024,9,8,-3.7,357.0,6.833333333333333,6
2024,9,9,-5.2,436.0,5.129166666666667,8
2024,9,10,-0.9,434.0,4.208333333333334,6
2024,9,11,-3.6,385.0,10.116666666666665,9
2024,9,12,-22.2,574.0,15.229166666666671,71
2024,9,13,-8.3,531.0,2.0791666666666666,35
2024,9,14,-6.6,472.0,3.391666666666666,18
2024,9,15,-5.1,508.0,3.4791666666666665,17
2024,9,16,-7.5,478.0,6.5,19
2024,9,17,-12.6,557.0,7.862499999999998,71
2024,9,18,-5.6,506.0,3.0749999999999997,11
2024,9,19,-7.7,463.0,3.091666666666667,18
2024,9,20,-3.3,434.0,4.4958333333333345,5
2024,9,21,-2.0,436.0,7.141666666666667,5
2024,9,22,0.2,423.0,5.104166666666667,5
2024,9,23,-6.4,418.0,7.820833333333334,12
2024,9,24,-7.4,479.0,10.733333333333334,14
2024,9,25,-7.8,543.0,5.9125000000000005,29
2024,9,26,-3.9,482.0,4.3625,10
2024,9,27,-6.3,364.0,6.608333333333332,5
2024,9,28,-5.9,332.0,8.370833333333332,6
2024,9,29,-6.7,462.0,12.095833333333337,14
2024,9,30,-7.5,484.0,3.6333333333333333,9
2024,10,1,-3.6,432.0,3.433333333333333,5
2024,10,2,-3.9,414.0,5.4125000000000005,5
2024,10,3,-4.3,370.0,8.245833333333334,7
2024,10,4,-4.5,398.0,5.612500000000001,8
2024,10,5,-1.9,400.0,4.279166666666668,5
2024,10,6,-9.8,522.0,7.558333333333333,13
2024,10,7,-12.7,482.0,16.275,54
2024,10,8,-15.7,453.0,8.970833333333333,54
2024,10,9,-5.5,461.0,4.595833333333332,18
2024,10,10,-42.2,740.0,10.3375,97
2024,10,11,-39.4,753.0,4.670833333333333,116
2024,10,12,-4.3,689.0,2.1916666666666664,18
2024,10,13,-1.8,546.0,2.1166666666666667,4
2024,10,14,-4.3,429.0,4.7125,6
2024,10,15,-5.8,420.0,6.041666666666667,11
2024,10,16,-6.6,455.0,5.879166666666666,13
2024,10,17,-3.6,428.0,5.930434782608696,7
2024,10,18,-7.8,400.0,10.325000000000001,12
2024,10,19,-6.1,471.0,9.154166666666667,25
2024,10,20,-1.6,448.0,9.7,6
2024,10,21,-2.8,366.0,9.945833333333335,5
2024,10,22,-7.1,326.0,16.19166666666667,8
2024,10,23,-4.9,427.0,17.033333333333335,8
2024,10,24,-6.3,377.0,8.458333333333336,11
2024,10,25,-2.4,325.0,10.270833333333334,2
2024,10,26,-6.4,477.0,16.24166666666667,12
2024,10,27,-2.3,463.0,9.362499999999999,10
2024,10,28,-3.2,572.0,7.333333333333333,16
2024,10,29,-5.6,508.0,2.6999999999999997,11
2024,10,30,-4.5,551.0,1.9333333333333336,15
2024,10,31,-5.7,564.0,1.8166666666666667,8
2024,11,1,-3.5,516.0,2.433333333333333,6
2024,11,2,-10.0,486.0,3.9625,12
2024,11,3,-6.5,464.0,6.05,10
2024,11,4,-3.7,461.0,6.641666666666667,13
2024,11,5,-3.5,458.0,7.070833333333334,11
2024,11,6,-2.7,463.0,5.962500000000001,10
2024,11,7,-3.4,421.0,11.687499999999998,8
2024,11,8,-11.1,397.0,20.47083333333333,10
2024,11,9,-11.6,410.0,16.2375,31
2024,11,10,-7.4,442.0,10.916666666666664,25
2024,11,11,-3.7,422.0,6.529166666666666,9
2024,11,12,-3.8,390.0,6.295833333333332,4
2024,11,13,-5.6,340.0,8.970833333333333,6
2024,11,14,-10.7,398.0,5.0875,11
2024,11,15,-6.2,424.0,2.954166666666666,12
2024,11,16,-3.9,387.0,3.4375,6
2024,11,17,-6.2,374.0,6.425000000000001,6
2024,11,18,-3.2,408.0,5.8125,4
2024,11,19,-7.6,384.0,5.1499999999999995,7
2024,11,20,-6.5,404.0,9.937499999999998,7
2024,11,21,-3.7,406.0,12.516666666666666,7
2024,11,22,-6.4,419.0,7.145833333333333,10
2024,11,23,-4.0,407.0,7.229166666666667,7
2024,11,24,-6.5,427.0,6.541666666666665,7
2024,11,25,-4.9,441.0,6.345833333333335,10
2024,11,26,-3.8,395.0,5.454166666666666,6
2024,11,27,-2.3,355.0,6.166666666666667,4
2024,11,28,-0.7,354.0,6.691666666666666,3
2024,11,29,-5.5,428.0,12.320833333333333,7
2024,11,30,-7.7,414.0,7.108333333333333,10
2024,12,1,-5.2,445.0,8.799999999999999,6
2024,12,2,-7.7,435.0,4.512499999999999,5
2024,12,3,-5.3,465.0,7.162499999999999,11
2024,12,4,-3.0,494.0,3.3250000000000006,6
2024,12,5,-4.5,471.0,3.545833333333334,4
2024,12,6,-3.9,427.0,4.695833333333333,4
2024,12,7,-1.6,384.0,13.908333333333333,5
2024,12,8,-4.9,389.0,6.366666666666667,5
2024,12,9,-7.6,498.0,2.420833333333333,16
2024,12,10,-4.0,493.0,2.3791666666666664,6
2024,12,11,-4.3,397.0,3.4250000000000003,5
2024,12,12,-4.8,382.0,5.166666666666667,4
2024,12,13,-5.1,337.0,5.666666666666665,3
2024,12,14,-9.0,329.0,13.149999999999999,8
2024,12,15,-4.8,439.0,11.108333333333334,11
2024,12,16,-5.2,432.0,11.716666666666663,12
2024,12,17,-8.4,667.0,14.087500000000006,28
2024,12,18,-2.5,692.0,1.5791666666666666,14
2024,12,19,-5.6,559.0,2.8041666666666667,10
2024,12,20,-5.6,523.0,4.333333333333333,13
2024,12,21,-4.2,560.0,4.379166666666667,14
2024,12,22,-2.3,654.0,1.8416666666666666,12
2024,12,23,-3.6,594.0,2.0541666666666667,12
2024,12,24,-2.7,598.0,2.220833333333333,9
2024,12,25,-2.9,517.0,3.2958333333333343,5
2024,12,26,-0.6,432.0,4.666666666666667,1
2024,12,27,-2.5,351.0,10.9375,2
2024,12,28,-2.6,345.0,12.633333333333335,3
2024,12,29,-4.5,401.0,7.183333333333333,4
2024,12,30,-5.6,370.0,7.912499999999999,6
2024,12,31,-7.4,448.0,10.266666666666667,13
